gene_id,gene_name
ENSG00000000003,TSPAN6
ENSG00000001497,LAS1L
ENSG00000001617,SEMA3F
ENSG00000002549,LAP3
ENSG00000003400,CASP10
ENSG00000005022,SLC25A5
ENSG00000005448,WDR54
ENSG00000005469,CROT
ENSG00000006015,REX1BD
ENSG00000006555,TTC22
ENSG00000006625,GGCT
ENSG00000007080,CCDC124
ENSG00000007237,GAS7
ENSG00000007520,TSR3
ENSG00000008282,SYPL1
ENSG00000008283,CYB561
ENSG00000008382,MPND
ENSG00000008394,MGST1
ENSG00000008441,NFIX
ENSG00000010256,UQCRC1
ENSG00000010361,FUZ
ENSG00000010438,PRSS3
ENSG00000010626,LRRC23
ENSG00000010704,HFE
ENSG00000011105,TSPAN9
ENSG00000011143,MKS1
ENSG00000011426,ANLN
ENSG00000012211,PRICKLE3
ENSG00000013016,EHD3
ENSG00000013503,POLR3B
ENSG00000013583,HEBP1
ENSG00000014138,POLA2
ENSG00000014641,MDH1
ENSG00000016082,ISL1
ENSG00000016402,IL20RA
ENSG00000016602,CLCA4
ENSG00000017797,RALBP1
ENSG00000018236,CNTN1
ENSG00000019186,CYP24A1
ENSG00000021826,CPS1
ENSG00000022556,NLRP2
ENSG00000023191,RNH1
ENSG00000023697,DERA
ENSG00000024526,DEPDC1
ENSG00000026297,RNASET2
ENSG00000026508,CD44
ENSG00000027001,MIPEP
ENSG00000027697,IFNGR1
ENSG00000030419,IKZF2
ENSG00000030582,GRN
ENSG00000033011,ALG1
ENSG00000033050,ABCF2
ENSG00000034510,TMSB10
ENSG00000034693,PEX3
ENSG00000035687,ADSS
ENSG00000035862,TIMP2
ENSG00000037757,MRI1
ENSG00000038002,AGA
ENSG00000039068,CDH1
ENSG00000041353,RAB27B
ENSG00000042493,CAPG
ENSG00000042753,AP2S1
ENSG00000048471,SNX29
ENSG00000049130,KITLG
ENSG00000049245,VAMP3
ENSG00000049283,EPN3
ENSG00000049541,RFC2
ENSG00000050165,DKK3
ENSG00000050344,NFE2L3
ENSG00000050405,LIMA1
ENSG00000051596,THOC3
ENSG00000052795,FNIP2
ENSG00000053254,FOXN3
ENSG00000053371,AKR7A2
ENSG00000054148,PHPT1
ENSG00000054277,OPN3
ENSG00000055950,MRPL43
ENSG00000056050,HPF1
ENSG00000056972,TRAF3IP2
ENSG00000057149,SERPINB3
ENSG00000058799,YIPF1
ENSG00000058804,NDC1
ENSG00000059588,TARBP1
ENSG00000059691,GATB
ENSG00000060762,MPC1
ENSG00000062038,CDH3
ENSG00000062282,DGAT2
ENSG00000062582,MRPS24
ENSG00000063177,RPL18
ENSG00000063241,ISOC2
ENSG00000064102,INTS13
ENSG00000064115,TM7SF3
ENSG00000064195,DLX3
ENSG00000064199,SPA17
ENSG00000064270,ATP2C2
ENSG00000064490,RFXANK
ENSG00000064545,TMEM161A
ENSG00000065057,NTHL1
ENSG00000065154,OAT
ENSG00000065183,WDR3
ENSG00000065268,WDR18
ENSG00000065328,MCM10
ENSG00000065361,ERBB3
ENSG00000065427,KARS
ENSG00000065518,NDUFB4
ENSG00000065618,COL17A1
ENSG00000065621,GSTO2
ENSG00000065833,ME1
ENSG00000065978,YBX1
ENSG00000066279,ASPM
ENSG00000066468,FGFR2
ENSG00000066583,ISOC1
ENSG00000067560,RHOA
ENSG00000067704,IARS2
ENSG00000068078,FGFR3
ENSG00000068489,PRR11
ENSG00000068697,LAPTM4A
ENSG00000068784,SRBD1
ENSG00000069812,HES2
ENSG00000069849,ATP1B3
ENSG00000070214,SLC44A1
ENSG00000070413,DGCR2
ENSG00000070501,POLB
ENSG00000070540,WIPI1
ENSG00000070756,PABPC1
ENSG00000070759,TESK2
ENSG00000070785,EIF2B3
ENSG00000071082,RPL31
ENSG00000071539,TRIP13
ENSG00000071553,ATP6AP1
ENSG00000071909,MYO3B
ENSG00000071967,CYBRD1
ENSG00000072042,RDH11
ENSG00000072210,ALDH3A2
ENSG00000072501,SMC1A
ENSG00000072506,HSD17B10
ENSG00000072571,HMMR
ENSG00000072864,NDE1
ENSG00000073050,XRCC1
ENSG00000073060,SCARB1
ENSG00000073282,TP63
ENSG00000073737,DHRS9
ENSG00000073969,NSF
ENSG00000074071,MRPS34
ENSG00000074201,CLNS1A
ENSG00000074410,CA12
ENSG00000074527,NTN4
ENSG00000074695,LMAN1
ENSG00000075223,SEMA3C
ENSG00000075239,ACAT1
ENSG00000075618,FSCN1
ENSG00000075624,ACTB
ENSG00000075651,PLD1
ENSG00000075673,ATP12A
ENSG00000075702,WDR62
ENSG00000075945,KIFAP3
ENSG00000076003,MCM6
ENSG00000076043,REXO2
ENSG00000076258,FMO4
ENSG00000076770,MBNL3
ENSG00000077152,UBE2T
ENSG00000077348,EXOSC5
ENSG00000077514,POLD3
ENSG00000077549,CAPZB
ENSG00000077942,FBLN1
ENSG00000078018,MAP2
ENSG00000078114,NEBL
ENSG00000078401,EDN1
ENSG00000078596,ITM2A
ENSG00000078618,NRDC
ENSG00000079246,XRCC5
ENSG00000079459,FDFT1
ENSG00000079462,PAFAH1B3
ENSG00000079616,KIF22
ENSG00000079739,PGM1
ENSG00000079785,DDX1
ENSG00000080546,SESN1
ENSG00000080986,NDC80
ENSG00000081277,PKP1
ENSG00000081870,HSPB11
ENSG00000082068,WDR70
ENSG00000082269,FAM135A
ENSG00000083720,OXCT1
ENSG00000083845,RPS5
ENSG00000083857,FAT1
ENSG00000084110,HAL
ENSG00000084207,GSTP1
ENSG00000084636,COL16A1
ENSG00000084693,AGBL5
ENSG00000084733,RAB10
ENSG00000084754,HADHA
ENSG00000085117,CD82
ENSG00000085377,PREP
ENSG00000085871,MGST2
ENSG00000086200,IPO11
ENSG00000086570,FAT2
ENSG00000087008,ACOX3
ENSG00000087111,PIGS
ENSG00000087191,PSMC5
ENSG00000087302,RTRAF
ENSG00000087510,TFAP2C
ENSG00000087586,AURKA
ENSG00000087842,PIR
ENSG00000088002,SULT2B1
ENSG00000088280,ASAP3
ENSG00000088298,EDEM2
ENSG00000088325,TPX2
ENSG00000088386,SLC15A1
ENSG00000088726,TMEM40
ENSG00000088832,FKBP1A
ENSG00000088986,DYNLL1
ENSG00000089009,RPL6
ENSG00000089050,RBBP9
ENSG00000089063,TMEM230
ENSG00000089127,OAS1
ENSG00000089157,RPLP0
ENSG00000089220,PEBP1
ENSG00000089248,ERP29
ENSG00000089356,FXYD3
ENSG00000089685,BIRC5
ENSG00000089723,OTUB2
ENSG00000090013,BLVRB
ENSG00000090263,MRPS33
ENSG00000090266,NDUFB2
ENSG00000090512,FETUB
ENSG00000090530,P3H2
ENSG00000090661,CERS4
ENSG00000090776,EFNB1
ENSG00000090889,KIF4A
ENSG00000090971,NAT14
ENSG00000091136,LAMB1
ENSG00000091483,FH
ENSG00000091947,TMEM101
ENSG00000091986,CCDC80
ENSG00000092010,PSME1
ENSG00000092036,HAUS4
ENSG00000092068,SLC7A8
ENSG00000092295,TGM1
ENSG00000092529,CAPN3
ENSG00000092841,MYL6
ENSG00000093009,CDC45
ENSG00000093010,COMT
ENSG00000094796,KRT31
ENSG00000094880,CDC23
ENSG00000095303,PTGS1
ENSG00000095383,TBC1D2
ENSG00000095585,BLNK
ENSG00000096696,DSP
ENSG00000099194,SCD
ENSG00000099204,ABLIM1
ENSG00000099219,ERMP1
ENSG00000099246,RAB18
ENSG00000099260,PALMD
ENSG00000099337,KCNK6
ENSG00000099624,ATP5F1D
ENSG00000099785,2-Mar
ENSG00000099795,NDUFB7
ENSG00000099797,TECR
ENSG00000099800,TIMM13
ENSG00000099901,RANBP1
ENSG00000099977,DDT
ENSG00000100003,SEC14L2
ENSG00000100078,PLA2G3
ENSG00000100097,LGALS1
ENSG00000100100,PIK3IP1
ENSG00000100116,GCAT
ENSG00000100129,EIF3L
ENSG00000100138,SNU13
ENSG00000100139,MICALL1
ENSG00000100142,POLR2F
ENSG00000100170,SLC5A1
ENSG00000100216,TOMM22
ENSG00000100234,TIMP3
ENSG00000100246,DNAL4
ENSG00000100271,TTLL1
ENSG00000100280,AP1B1
ENSG00000100294,MCAT
ENSG00000100297,MCM5
ENSG00000100300,TSPO
ENSG00000100304,TTLL12
ENSG00000100316,RPL3
ENSG00000100321,SYNGR1
ENSG00000100347,SAMM50
ENSG00000100348,TXN2
ENSG00000100350,FOXRED2
ENSG00000100412,ACO2
ENSG00000100413,POLR3H
ENSG00000100439,ABHD4
ENSG00000100504,PYGL
ENSG00000100526,CDKN3
ENSG00000100528,CNIH1
ENSG00000100567,PSMA3
ENSG00000100568,VTI1B
ENSG00000100592,DAAM1
ENSG00000100644,HIF1A
ENSG00000100714,MTHFD1
ENSG00000100749,VRK1
ENSG00000100804,PSMB5
ENSG00000100842,EFS
ENSG00000100911,PSME2
ENSG00000100979,PLTP
ENSG00000100994,PYGB
ENSG00000101000,PROCR
ENSG00000101040,ZMYND8
ENSG00000101057,MYBL2
ENSG00000101220,C20orf27
ENSG00000101311,FERMT1
ENSG00000101337,TM9SF4
ENSG00000101365,IDH3B
ENSG00000101384,JAG1
ENSG00000101417,PXMP4
ENSG00000101439,CST3
ENSG00000101444,AHCY
ENSG00000101911,PRPS2
ENSG00000101955,SRPX
ENSG00000102024,PLS3
ENSG00000102144,PGK1
ENSG00000102241,HTATSF1
ENSG00000102243,VGLL1
ENSG00000102312,PORCN
ENSG00000102471,NDFIP2
ENSG00000102543,CDADC1
ENSG00000102575,ACP5
ENSG00000102886,GDPD3
ENSG00000102891,MT4
ENSG00000102893,PHKB
ENSG00000102921,N4BP1
ENSG00000103021,CCDC113
ENSG00000103024,NME3
ENSG00000103044,HAS3
ENSG00000103051,COG4
ENSG00000103145,HCFC1R1
ENSG00000103187,COTL1
ENSG00000103196,CRISPLD2
ENSG00000103202,NME4
ENSG00000103260,METRN
ENSG00000103363,ELOB
ENSG00000103485,QPRT
ENSG00000103490,PYCARD
ENSG00000103544,VPS35L
ENSG00000103550,KNOP1
ENSG00000103569,AQP9
ENSG00000103769,RAB11A
ENSG00000103811,CTSH
ENSG00000103888,CEMIP
ENSG00000104055,TGM5
ENSG00000104140,RHOV
ENSG00000104147,OIP5
ENSG00000104267,CA2
ENSG00000104320,NBN
ENSG00000104325,DECR1
ENSG00000104332,SFRP1
ENSG00000104341,LAPTM4B
ENSG00000104381,GDAP1
ENSG00000104412,EMC2
ENSG00000104613,INTS10
ENSG00000104660,LEPROTL1
ENSG00000104723,TUSC3
ENSG00000104763,ASAH1
ENSG00000104805,NUCB1
ENSG00000104823,ECH1
ENSG00000104979,C19orf53
ENSG00000105011,ASF1B
ENSG00000105088,OLFM2
ENSG00000105131,EPHX3
ENSG00000105135,ILVBL
ENSG00000105141,CASP14
ENSG00000105193,RPS16
ENSG00000105202,FBL
ENSG00000105223,PLD3
ENSG00000105258,POLR2I
ENSG00000105289,TJP3
ENSG00000105357,MYH14
ENSG00000105372,RPS19
ENSG00000105379,ETFB
ENSG00000105404,RABAC1
ENSG00000105427,CNFN
ENSG00000105514,RAB3D
ENSG00000105518,TMEM205
ENSG00000105568,PPP2R1A
ENSG00000105583,WDR83OS
ENSG00000105640,RPL18A
ENSG00000105647,PIK3R2
ENSG00000105677,TMEM147
ENSG00000105701,FKBP8
ENSG00000105755,ETHE1
ENSG00000105854,PON2
ENSG00000105855,ITGB8
ENSG00000105880,DLX5
ENSG00000105928,GSDME
ENSG00000105953,OGDH
ENSG00000105974,CAV1
ENSG00000106049,HIBADH
ENSG00000106123,EPHB6
ENSG00000106153,CHCHD2
ENSG00000106211,HSPB1
ENSG00000106244,PDAP1
ENSG00000106268,NUDT1
ENSG00000106278,PTPRZ1
ENSG00000106330,MOSPD3
ENSG00000106367,AP1S1
ENSG00000106399,RPA3
ENSG00000106588,PSMA2
ENSG00000106628,POLD2
ENSG00000106771,TMEM245
ENSG00000107020,PLGRKT
ENSG00000107104,KANK1
ENSG00000107159,CA9
ENSG00000107165,TYRP1
ENSG00000107201,DDX58
ENSG00000107223,EDF1
ENSG00000107438,PDLIM1
ENSG00000107485,GATA3
ENSG00000107537,PHYH
ENSG00000107798,LIPA
ENSG00000107833,NPM3
ENSG00000107874,CUEDC2
ENSG00000107882,SUFU
ENSG00000107902,LHPP
ENSG00000107957,SH3PXD2A
ENSG00000107960,STN1
ENSG00000107968,MAP3K8
ENSG00000107984,DKK1
ENSG00000108091,CCDC6
ENSG00000108107,RPL28
ENSG00000108242,CYP2C18
ENSG00000108244,KRT23
ENSG00000108298,RPL19
ENSG00000108309,RUNDC3A
ENSG00000108352,RAPGEFL1
ENSG00000108375,RNF43
ENSG00000108389,MTMR4
ENSG00000108406,DHX40
ENSG00000108439,PNPO
ENSG00000108523,RNF167
ENSG00000108561,C1QBP
ENSG00000108578,BLMH
ENSG00000108679,LGALS3BP
ENSG00000108828,VAT1
ENSG00000108840,HDAC5
ENSG00000109016,DHRS7B
ENSG00000109062,SLC9A3R1
ENSG00000109101,FOXN1
ENSG00000109107,ALDOC
ENSG00000109182,CWH43
ENSG00000109193,SULT1E1
ENSG00000109255,NMU
ENSG00000109390,NDUFC1
ENSG00000109452,INPP4B
ENSG00000109458,GAB1
ENSG00000109475,RPL34
ENSG00000109572,CLCN3
ENSG00000109667,SLC2A9
ENSG00000109686,SH3D19
ENSG00000109787,KLF3
ENSG00000109805,NCAPG
ENSG00000109846,CRYAB
ENSG00000109861,CTSC
ENSG00000109881,CCDC34
ENSG00000109919,MTCH2
ENSG00000109929,SC5D
ENSG00000110002,VWA5A
ENSG00000110013,SIAE
ENSG00000110108,TMEM109
ENSG00000110315,RNF141
ENSG00000110400,NECTIN1
ENSG00000110442,COMMD9
ENSG00000110651,CD81
ENSG00000110700,RPS13
ENSG00000110917,MLEC
ENSG00000110955,ATP5F1B
ENSG00000111142,METAP2
ENSG00000111144,LTA4H
ENSG00000111206,FOXM1
ENSG00000111229,ARPC3
ENSG00000111319,SCNN1A
ENSG00000111331,OAS3
ENSG00000111335,OAS2
ENSG00000111348,ARHGDIB
ENSG00000111405,ENDOU
ENSG00000111424,VDR
ENSG00000111445,RFC5
ENSG00000111481,COPZ1
ENSG00000111602,TIMELESS
ENSG00000111639,MRPL51
ENSG00000111652,COPS7A
ENSG00000111667,USP5
ENSG00000111669,TPI1
ENSG00000111671,SPSB2
ENSG00000111678,C12orf57
ENSG00000111684,LPCAT3
ENSG00000111716,LDHB
ENSG00000111775,COX6A1
ENSG00000111843,TMEM14C
ENSG00000111863,ADTRP
ENSG00000111875,ASF1A
ENSG00000111907,TPD52L1
ENSG00000112033,PPARD
ENSG00000112304,ACOT13
ENSG00000112306,RPS12
ENSG00000112312,GMNN
ENSG00000112357,PEX7
ENSG00000112378,PERP
ENSG00000112651,MRPL2
ENSG00000112667,DNPH1
ENSG00000112695,COX7A2
ENSG00000112742,TTK
ENSG00000112874,NUDT12
ENSG00000112984,KIF20A
ENSG00000113048,MRPS27
ENSG00000113140,SPARC
ENSG00000113161,HMGCR
ENSG00000113318,MSH3
ENSG00000113368,LMNB1
ENSG00000113790,EHHADH
ENSG00000113845,TIMMDC1
ENSG00000113916,BCL6
ENSG00000113946,CLDN16
ENSG00000114021,NIT2
ENSG00000114023,FAM162A
ENSG00000114054,PCCB
ENSG00000114115,RBP1
ENSG00000114200,BCHE
ENSG00000114251,WNT5A
ENSG00000114391,RPL24
ENSG00000114405,C3orf14
ENSG00000114631,PODXL2
ENSG00000114638,UPK1B
ENSG00000114737,CISH
ENSG00000114771,AADAC
ENSG00000114779,ABHD14B
ENSG00000114902,SPCS1
ENSG00000114942,EEF1B2
ENSG00000115008,IL1A
ENSG00000115053,NCL
ENSG00000115221,ITGB6
ENSG00000115255,REEP6
ENSG00000115267,IFIH1
ENSG00000115268,RPS15
ENSG00000115306,SPTBN1
ENSG00000115350,POLE4
ENSG00000115365,LANCL1
ENSG00000115380,EFEMP1
ENSG00000115392,FANCL
ENSG00000115414,FN1
ENSG00000115415,STAT1
ENSG00000115457,IGFBP2
ENSG00000115561,CHMP3
ENSG00000115685,PPP1R7
ENSG00000115884,SDC1
ENSG00000115963,RND3
ENSG00000116005,PCYOX1
ENSG00000116106,EPHA4
ENSG00000116120,FARSB
ENSG00000116133,DHCR24
ENSG00000116171,SCP2
ENSG00000116209,TMEM59
ENSG00000116237,ICMT
ENSG00000116251,RPL22
ENSG00000116288,PARK7
ENSG00000116353,MECR
ENSG00000116459,ATP5PB
ENSG00000116586,LAMTOR2
ENSG00000116649,SRM
ENSG00000116667,C1orf21
ENSG00000116701,NCF2
ENSG00000116711,PLA2G4A
ENSG00000116729,WLS
ENSG00000116741,RGS2
ENSG00000116885,OSCP1
ENSG00000116898,MRPS15
ENSG00000116990,MYCL
ENSG00000116991,SIPA1L2
ENSG00000117114,ADGRL2
ENSG00000117226,GBP3
ENSG00000117228,GBP1
ENSG00000117318,ID3
ENSG00000117399,CDC20
ENSG00000117448,AKR1A1
ENSG00000117472,TSPAN1
ENSG00000117525,F3
ENSG00000117528,ABCD3
ENSG00000117543,DPH5
ENSG00000117592,PRDX6
ENSG00000117593,DARS2
ENSG00000117632,STMN1
ENSG00000117650,NEK2
ENSG00000117724,CENPF
ENSG00000117862,TXNDC12
ENSG00000117877,CD3EAP
ENSG00000117899,MESD
ENSG00000117906,RCN2
ENSG00000117984,CTSD
ENSG00000118181,RPS25
ENSG00000118257,NRP2
ENSG00000118263,KLF7
ENSG00000118322,ATP10B
ENSG00000118402,ELOVL4
ENSG00000118418,HMGN3
ENSG00000118515,SGK1
ENSG00000118520,ARG1
ENSG00000118705,RPN2
ENSG00000118898,PPL
ENSG00000119013,NDUFB3
ENSG00000119280,C1orf198
ENSG00000119383,PTPA
ENSG00000119421,NDUFA8
ENSG00000119471,HSDL2
ENSG00000119632,IFI27L2
ENSG00000119650,IFT43
ENSG00000119655,NPC2
ENSG00000119681,LTBP2
ENSG00000119686,FLVCR2
ENSG00000119705,SLIRP
ENSG00000119718,EIF2B2
ENSG00000119812,FAM98A
ENSG00000119862,LGALSL
ENSG00000119977,TCTN3
ENSG00000119986,AVPI1
ENSG00000120149,MSX2
ENSG00000120162,MOB3B
ENSG00000120256,LRP11
ENSG00000120278,PLEKHG1
ENSG00000120437,ACAT2
ENSG00000120471,TP53AIP1
ENSG00000120509,PDZD11
ENSG00000120594,PLXDC2
ENSG00000120656,TAF12
ENSG00000120697,ALG5
ENSG00000120708,TGFBI
ENSG00000120725,SIL1
ENSG00000120802,TMPO
ENSG00000120915,EPHX2
ENSG00000121064,SCPEP1
ENSG00000121152,NCAPH
ENSG00000121316,PLBD1
ENSG00000121552,CSTA
ENSG00000121578,B4GALT4
ENSG00000121690,DEPDC7
ENSG00000121691,CAT
ENSG00000121742,GJB6
ENSG00000121858,TNFSF10
ENSG00000121900,TMEM54
ENSG00000121957,GPSM2
ENSG00000122026,RPL21
ENSG00000122378,PRXL2A
ENSG00000122406,RPL5
ENSG00000122644,ARL4A
ENSG00000122786,CALD1
ENSG00000122952,ZWINT
ENSG00000123104,ITPR2
ENSG00000123131,PRDX4
ENSG00000123179,EBPL
ENSG00000123349,PFDN5
ENSG00000123416,TUBA1B
ENSG00000123485,HJURP
ENSG00000123600,METTL8
ENSG00000123892,RAB38
ENSG00000123989,CHPF
ENSG00000124098,FAM210B
ENSG00000124107,SLPI
ENSG00000124172,ATP5F1E
ENSG00000124207,CSE1L
ENSG00000124299,PEPD
ENSG00000124343,XG
ENSG00000124357,NAGK
ENSG00000124370,MCEE
ENSG00000124374,PAIP2B
ENSG00000124429,POF1B
ENSG00000124466,LYPD3
ENSG00000124562,SNRPC
ENSG00000124608,AARS2
ENSG00000124614,RPS10
ENSG00000124733,MEA1
ENSG00000124767,GLO1
ENSG00000124787,RPP40
ENSG00000125124,BBS2
ENSG00000125144,MT1G
ENSG00000125148,MT2A
ENSG00000125149,C16orf70
ENSG00000125166,GOT2
ENSG00000125356,NDUFA1
ENSG00000125398,SOX9
ENSG00000125534,PPDPF
ENSG00000125538,IL1B
ENSG00000125611,CHCHD5
ENSG00000125648,SLC25A23
ENSG00000125652,ALKBH7
ENSG00000125657,TNFSF9
ENSG00000125691,RPL23
ENSG00000125743,SNRPD2
ENSG00000125746,EML2
ENSG00000125775,SDCBP2
ENSG00000125780,TGM3
ENSG00000125821,DTD1
ENSG00000125848,FLRT3
ENSG00000125868,DSTN
ENSG00000125871,MGME1
ENSG00000125877,ITPA
ENSG00000125901,MRPS26
ENSG00000125968,ID1
ENSG00000125991,ERGIC3
ENSG00000125995,ROMO1
ENSG00000125998,FAM83C
ENSG00000126005,MMP24OS
ENSG00000126088,UROD
ENSG00000126233,SLURP1
ENSG00000126247,CAPNS1
ENSG00000126267,COX6B1
ENSG00000126391,FRMD8
ENSG00000126432,PRDX5
ENSG00000126602,TRAP1
ENSG00000126709,IFI6
ENSG00000126787,DLGAP5
ENSG00000126953,TIMM8A
ENSG00000127084,FGD3
ENSG00000127152,BCL11B
ENSG00000127184,COX7C
ENSG00000127540,UQCR11
ENSG00000127824,TUBA4A
ENSG00000127884,ECHS1
ENSG00000127948,POR
ENSG00000127954,STEAP4
ENSG00000127955,GNAI1
ENSG00000128039,SRD5A3
ENSG00000128050,PAICS
ENSG00000128185,DGCR6L
ENSG00000128228,SDF2L1
ENSG00000128294,TPST2
ENSG00000128311,TST
ENSG00000128340,RAC2
ENSG00000128422,KRT17
ENSG00000128524,ATP6V1F
ENSG00000128626,MRPS12
ENSG00000128708,HAT1
ENSG00000128951,DUT
ENSG00000129103,SUMF2
ENSG00000129128,SPCS3
ENSG00000129151,BBOX1
ENSG00000129226,CD68
ENSG00000129235,TXNDC17
ENSG00000129255,MPDU1
ENSG00000129353,SLC44A2
ENSG00000129354,AP1M2
ENSG00000129422,MTUS1
ENSG00000129451,KLK10
ENSG00000129455,KLK8
ENSG00000129493,HEATR5A
ENSG00000129559,NEDD8
ENSG00000129562,DAD1
ENSG00000129691,ASH2L
ENSG00000129824,RPS4Y1
ENSG00000130054,FAM155B
ENSG00000130055,GDPD2
ENSG00000130193,THEM6
ENSG00000130203,APOE
ENSG00000130255,RPL36
ENSG00000130312,MRPL34
ENSG00000130349,MTRES1
ENSG00000130402,ACTN4
ENSG00000130520,LSM4
ENSG00000130598,TNNI2
ENSG00000130600,H19
ENSG00000130724,CHMP2A
ENSG00000130748,TMEM160
ENSG00000130770,ATP5IF1
ENSG00000130813,SHFL
ENSG00000131019,ULBP3
ENSG00000131069,ACSS2
ENSG00000131143,COX4I1
ENSG00000131171,SH3BGRL
ENSG00000131174,COX7B
ENSG00000131233,GJA9
ENSG00000131236,CAP1
ENSG00000131238,PPT1
ENSG00000131374,TBC1D5
ENSG00000131462,TUBG1
ENSG00000131469,RPL27
ENSG00000131473,ACLY
ENSG00000131475,VPS25
ENSG00000131495,NDUFA2
ENSG00000131558,EXOC4
ENSG00000131650,KREMEN2
ENSG00000131669,NINJ1
ENSG00000131746,TNS4
ENSG00000131747,TOP2A
ENSG00000131779,PEX11B
ENSG00000131788,PIAS3
ENSG00000131981,LGALS3
ENSG00000132164,SLC6A11
ENSG00000132274,TRIM22
ENSG00000132305,IMMT
ENSG00000132383,RPA1
ENSG00000132405,TBC1D14
ENSG00000132423,COQ3
ENSG00000132541,RIDA
ENSG00000132623,ANKEF1
ENSG00000132646,PCNA
ENSG00000132669,RIN2
ENSG00000132698,RAB25
ENSG00000132746,ALDH3B2
ENSG00000132842,AP3B1
ENSG00000133027,PEMT
ENSG00000133048,CHI3L1
ENSG00000133056,PIK3C2B
ENSG00000133142,TCEAL4
ENSG00000133195,SLC39A11
ENSG00000133265,HSPBP1
ENSG00000133315,MACROD1
ENSG00000133401,PDZD2
ENSG00000133466,C1QTNF6
ENSG00000133678,TMEM254
ENSG00000133704,IPO8
ENSG00000133710,SPINK5
ENSG00000133835,HSD17B4
ENSG00000133935,ERG28
ENSG00000134057,CCNB1
ENSG00000134153,EMC7
ENSG00000134215,VAV3
ENSG00000134243,SORT1
ENSG00000134247,PTGFRN
ENSG00000134317,GRHL1
ENSG00000134363,FST
ENSG00000134419,RPS15A
ENSG00000134504,KCTD1
ENSG00000134690,CDCA8
ENSG00000134716,CYP2J2
ENSG00000134757,DSG3
ENSG00000134760,DSG1
ENSG00000134762,DSC3
ENSG00000134765,DSC1
ENSG00000134779,TPGS2
ENSG00000134824,FADS2
ENSG00000134825,TMEM258
ENSG00000134827,TCN1
ENSG00000134882,UBAC2
ENSG00000134955,SLC37A2
ENSG00000135047,CTSL
ENSG00000135114,OASL
ENSG00000135218,CD36
ENSG00000135318,NT5E
ENSG00000135336,ORC3
ENSG00000135373,EHF
ENSG00000135378,PRRG4
ENSG00000135390,ATP5MC2
ENSG00000135506,OS9
ENSG00000135587,SMPD2
ENSG00000135624,CCT7
ENSG00000135838,NPL
ENSG00000135926,TMBIM1
ENSG00000135940,COX5B
ENSG00000135972,MRPS9
ENSG00000136002,ARHGEF4
ENSG00000136026,CKAP4
ENSG00000136108,CKAP2
ENSG00000136111,TBC1D4
ENSG00000136153,LMO7
ENSG00000136155,SCEL
ENSG00000136156,ITM2B
ENSG00000136159,NUDT15
ENSG00000136235,GPNMB
ENSG00000136261,BZW2
ENSG00000136379,ABHD17C
ENSG00000136425,CIB2
ENSG00000136478,TEX2
ENSG00000136521,NDUFB5
ENSG00000136542,GALNT5
ENSG00000136688,IL36G
ENSG00000136689,IL1RN
ENSG00000136695,IL36RN
ENSG00000136697,IL1F10
ENSG00000136710,CCDC115
ENSG00000136720,HS6ST1
ENSG00000136783,NIPSNAP3A
ENSG00000136824,SMC2
ENSG00000136826,KLF4
ENSG00000136867,SLC31A2
ENSG00000136942,RPL35
ENSG00000136943,CTSV
ENSG00000136997,MYC
ENSG00000137033,IL33
ENSG00000137038,DMAC1
ENSG00000137100,DCTN3
ENSG00000137106,GRHPR
ENSG00000137133,HINT2
ENSG00000137154,RPS6
ENSG00000137168,PPIL1
ENSG00000137193,PIM1
ENSG00000137266,SLC22A23
ENSG00000137267,TUBB2A
ENSG00000137288,UQCC2
ENSG00000137393,RNF144B
ENSG00000137440,FGFBP1
ENSG00000137460,FHDC1
ENSG00000137509,PRCP
ENSG00000137547,MRPL15
ENSG00000137563,GGH
ENSG00000137628,DDX60
ENSG00000137642,SORL1
ENSG00000137648,TMPRSS4
ENSG00000137699,TRIM29
ENSG00000137720,C11orf1
ENSG00000137747,TMPRSS13
ENSG00000137752,CASP1
ENSG00000137767,SQOR
ENSG00000137801,THBS1
ENSG00000137818,RPLP1
ENSG00000137857,DUOX1
ENSG00000137944,KYAT3
ENSG00000137965,IFI44
ENSG00000137968,SLC44A5
ENSG00000137975,CLCA2
ENSG00000137992,DBT
ENSG00000138018,SELENOI
ENSG00000138029,HADHB
ENSG00000138036,DYNC2LI1
ENSG00000138073,PREB
ENSG00000138085,ATRAID
ENSG00000138119,MYOF
ENSG00000138152,BTBD16
ENSG00000138160,KIF11
ENSG00000138180,CEP55
ENSG00000138311,ZNF365
ENSG00000138326,RPS24
ENSG00000138413,IDH1
ENSG00000138449,SLC40A1
ENSG00000138629,UBL7
ENSG00000138744,NAAA
ENSG00000138777,PPA2
ENSG00000138801,PAPSS1
ENSG00000138829,FBN2
ENSG00000139044,B4GALNT3
ENSG00000139173,TMEM117
ENSG00000139211,AMIGO2
ENSG00000139263,LRIG3
ENSG00000139278,GLIPR1
ENSG00000139343,SNRPF
ENSG00000139428,MMAB
ENSG00000139433,GLTP
ENSG00000139579,NABP2
ENSG00000139629,GALNT6
ENSG00000139637,C12orf10
ENSG00000139734,DIAPH3
ENSG00000139793,MBNL2
ENSG00000139921,TMX1
ENSG00000139988,RDH12
ENSG00000140006,WDR89
ENSG00000140254,DUOXA1
ENSG00000140263,SORD
ENSG00000140264,SERF2
ENSG00000140350,ANP32A
ENSG00000140391,TSPAN3
ENSG00000140395,WDR61
ENSG00000140479,PCSK6
ENSG00000140497,SCAMP2
ENSG00000140525,FANCI
ENSG00000140854,KATNB1
ENSG00000140945,CDH13
ENSG00000140988,RPS2
ENSG00000140990,NDUFB10
ENSG00000141401,IMPA2
ENSG00000141424,SLC39A6
ENSG00000141429,GALNT1
ENSG00000141441,GAREM1
ENSG00000141527,CARD14
ENSG00000141552,ANAPC11
ENSG00000141556,TBCD
ENSG00000141579,ZNF750
ENSG00000141582,CBX4
ENSG00000141696,P3H4
ENSG00000141741,MIEN1
ENSG00000141971,MVB12A
ENSG00000142089,IFITM3
ENSG00000142188,TMEM50B
ENSG00000142192,APP
ENSG00000142507,PSMB6
ENSG00000142534,RPS11
ENSG00000142541,RPL13A
ENSG00000142657,PGD
ENSG00000142669,SH3BGRL3
ENSG00000142676,RPL11
ENSG00000142677,IL22RA1
ENSG00000142864,SERBP1
ENSG00000142892,PIGK
ENSG00000142937,RPS8
ENSG00000142945,KIF2C
ENSG00000142973,CYP4B1
ENSG00000143036,SLC44A3
ENSG00000143061,IGSF3
ENSG00000143126,CELSR2
ENSG00000143149,ALDH9A1
ENSG00000143162,CREG1
ENSG00000143217,NECTIN4
ENSG00000143222,UFC1
ENSG00000143228,NUF2
ENSG00000143252,SDHC
ENSG00000143314,MRPL24
ENSG00000143320,CRABP2
ENSG00000143353,LYPLAL1
ENSG00000143363,PRUNE1
ENSG00000143367,TUFT1
ENSG00000143375,CGN
ENSG00000143382,ADAMTSL4
ENSG00000143387,CTSK
ENSG00000143390,RFX5
ENSG00000143409,MINDY1
ENSG00000143412,ANXA9
ENSG00000143502,SUSD4
ENSG00000143520,FLG2
ENSG00000143536,CRNN
ENSG00000143537,ADAM15
ENSG00000143545,RAB13
ENSG00000143546,S100A8
ENSG00000143590,EFNA3
ENSG00000143631,FLG
ENSG00000143753,DEGS1
ENSG00000143819,EPHX1
ENSG00000143870,PDIA6
ENSG00000143878,RHOB
ENSG00000143882,ATP6V1C2
ENSG00000143947,RPS27A
ENSG00000144045,DQX1
ENSG00000144063,MALL
ENSG00000144199,FAHD2B
ENSG00000144306,SCRN3
ENSG00000144354,CDCA7
ENSG00000144452,ABCA12
ENSG00000144455,SUMF1
ENSG00000144713,RPL32
ENSG00000144824,PHLDB2
ENSG00000144827,ABHD10
ENSG00000145022,TCTA
ENSG00000145029,NICN1
ENSG00000145050,MANF
ENSG00000145088,EAF2
ENSG00000145246,ATP10D
ENSG00000145283,SLC10A6
ENSG00000145284,SCD5
ENSG00000145337,PYURF
ENSG00000145349,CAMK2D
ENSG00000145386,CCNA2
ENSG00000145425,RPS3A
ENSG00000145494,NDUFS6
ENSG00000145545,SRD5A1
ENSG00000145592,RPL37
ENSG00000145604,SKP2
ENSG00000145632,PLK2
ENSG00000145730,PAM
ENSG00000145741,BTF3
ENSG00000145824,CXCL14
ENSG00000145912,NHP2
ENSG00000145934,TENM2
ENSG00000145979,TBC1D7
ENSG00000146007,ZMAT2
ENSG00000146054,TRIM7
ENSG00000146066,HIGD2A
ENSG00000146070,PLA2G7
ENSG00000146072,TNFRSF21
ENSG00000146147,MLIP
ENSG00000146233,CYP39A1
ENSG00000146409,SLC18B1
ENSG00000146416,AIG1
ENSG00000146648,EGFR
ENSG00000146670,CDCA5
ENSG00000146701,MDH2
ENSG00000146802,TMEM168
ENSG00000146904,EPHA1
ENSG00000146918,NCAPG2
ENSG00000147010,SH3KBP1
ENSG00000147123,NDUFB11
ENSG00000147155,EBP
ENSG00000147394,ZNF185
ENSG00000147400,CETN2
ENSG00000147403,RPL10
ENSG00000147419,CCDC25
ENSG00000147592,LACTB2
ENSG00000147604,RPL7
ENSG00000147669,POLR2K
ENSG00000147676,MAL2
ENSG00000147677,EIF3H
ENSG00000147687,TATDN1
ENSG00000147697,GSDMC
ENSG00000147883,CDKN2B
ENSG00000147896,IFNK
ENSG00000147955,SIGMAR1
ENSG00000148175,STOM
ENSG00000148180,GSN
ENSG00000148218,ALAD
ENSG00000148303,RPL7A
ENSG00000148344,PTGES
ENSG00000148358,GPR107
ENSG00000148444,COMMD3
ENSG00000148484,RSU1
ENSG00000148600,CDHR1
ENSG00000148671,ADIRF
ENSG00000148680,HTR7
ENSG00000148700,ADD3
ENSG00000148773,MKI67
ENSG00000148834,GSTO1
ENSG00000148841,ITPRIP
ENSG00000148985,PGAP2
ENSG00000149043,SYT8
ENSG00000149131,SERPING1
ENSG00000149136,SSRP1
ENSG00000149212,SESN3
ENSG00000149218,ENDOD1
ENSG00000149273,RPS3
ENSG00000149547,EI24
ENSG00000149573,MPZL2
ENSG00000149806,FAU
ENSG00000149809,TM7SF2
ENSG00000149823,VPS51
ENSG00000149932,TMEM219
ENSG00000150456,EEF1AKMT1
ENSG00000150556,LYPD6B
ENSG00000150593,PDCD4
ENSG00000150687,PRSS23
ENSG00000150768,DLAT
ENSG00000150779,TIMM8B
ENSG00000150782,IL18
ENSG00000151117,TMEM86A
ENSG00000151136,BTBD11
ENSG00000151150,ANK3
ENSG00000151366,NDUFC2
ENSG00000151500,THYN1
ENSG00000151665,PIGF
ENSG00000151715,TMEM45B
ENSG00000151726,ACSL1
ENSG00000151779,NBAS
ENSG00000151914,DST
ENSG00000152082,MZT2B
ENSG00000152137,HSPB8
ENSG00000152234,ATP5F1A
ENSG00000152240,HAUS1
ENSG00000152518,ZFP36L2
ENSG00000152556,PFKM
ENSG00000152558,TMEM123
ENSG00000152661,GJA1
ENSG00000152683,SLC30A6
ENSG00000152766,ANKRD22
ENSG00000152782,PANK1
ENSG00000153029,MR1
ENSG00000153044,CENPH
ENSG00000153294,ADGRF4
ENSG00000153406,NMRAL1
ENSG00000153714,LURAP1L
ENSG00000153823,PID1
ENSG00000154059,IMPACT
ENSG00000154079,SDHAF4
ENSG00000154102,C16orf74
ENSG00000154227,CERS3
ENSG00000154380,ENAH
ENSG00000154511,DIPK1A
ENSG00000154518,ATP5MC3
ENSG00000154723,ATP5PF
ENSG00000154764,WNT7A
ENSG00000154839,SKA1
ENSG00000154856,APCDD1
ENSG00000155066,PROM2
ENSG00000155115,GTF3C6
ENSG00000155324,GRAMD2B
ENSG00000155368,DBI
ENSG00000155393,HEATR3
ENSG00000155463,OXA1L
ENSG00000155660,PDIA4
ENSG00000155755,TMEM237
ENSG00000155827,RNF20
ENSG00000155918,RAET1L
ENSG00000155957,TMBIM4
ENSG00000156011,PSD3
ENSG00000156171,DRAM2
ENSG00000156253,RWDD2B
ENSG00000156411,ATP5MPL
ENSG00000156453,PCDH1
ENSG00000156463,SH3RF2
ENSG00000156467,UQCRB
ENSG00000156482,RPL30
ENSG00000156515,HK1
ENSG00000156521,TYSND1
ENSG00000156535,CD109
ENSG00000156587,UBE2L6
ENSG00000156675,RAB11FIP1
ENSG00000156711,MAPK13
ENSG00000156970,BUB1B
ENSG00000156990,RPUSD3
ENSG00000157216,SSBP3
ENSG00000157326,DHRS4
ENSG00000157349,DDX19B
ENSG00000157379,DHRS1
ENSG00000157456,CCNB2
ENSG00000157483,MYO1E
ENSG00000157551,KCNJ15
ENSG00000157593,SLC35B2
ENSG00000157601,MX1
ENSG00000157837,SPPL3
ENSG00000158019,BABAM2
ENSG00000158042,MRPL17
ENSG00000158055,GRHL3
ENSG00000158089,GALNT14
ENSG00000158109,TPRG1L
ENSG00000158125,XDH
ENSG00000158246,TENT5B
ENSG00000158315,RHBDL2
ENSG00000158623,COPG2
ENSG00000158786,PLA2G2F
ENSG00000158825,CDA
ENSG00000158882,TOMM40L
ENSG00000159063,ALG8
ENSG00000159079,CFAP298
ENSG00000159166,LAD1
ENSG00000159199,ATP5MC1
ENSG00000159228,CBR1
ENSG00000159337,PLA2G4D
ENSG00000159346,ADIPOR1
ENSG00000159348,CYB5R1
ENSG00000159352,PSMD4
ENSG00000159388,BTG2
ENSG00000159423,ALDH4A1
ENSG00000159450,TCHH
ENSG00000159455,LCE2B
ENSG00000159527,PGLYRP3
ENSG00000159788,RGS12
ENSG00000159792,PSKH1
ENSG00000159871,LYPD5
ENSG00000160014,CALM3
ENSG00000160179,ABCG1
ENSG00000160211,G6PD
ENSG00000160213,CSTB
ENSG00000160284,SPATC1L
ENSG00000160446,ZDHHC12
ENSG00000160606,TLCD1
ENSG00000160746,ANO10
ENSG00000160932,LY6E
ENSG00000161016,RPL8
ENSG00000161217,PCYT1A
ENSG00000161243,FBXO27
ENSG00000161249,DMKN
ENSG00000161267,BDH1
ENSG00000161395,PGAP3
ENSG00000161513,FDXR
ENSG00000161618,ALDH16A1
ENSG00000161642,ZNF385A
ENSG00000161671,EMC10
ENSG00000161677,JOSD2
ENSG00000161920,MED11
ENSG00000161970,RPL26
ENSG00000161981,SNRNP25
ENSG00000161999,JMJD8
ENSG00000162040,HS3ST6
ENSG00000162069,BICDL2
ENSG00000162073,PAQR4
ENSG00000162144,CYB561A3
ENSG00000162244,RPL29
ENSG00000162366,PDZK1IP1
ENSG00000162368,CMPK1
ENSG00000162493,PDPN
ENSG00000162496,DHRS3
ENSG00000162517,PEF1
ENSG00000162600,OMA1
ENSG00000162645,GBP2
ENSG00000162729,IGSF8
ENSG00000162757,C1orf74
ENSG00000162813,BPNT1
ENSG00000162910,MRPL55
ENSG00000162961,DPY30
ENSG00000162980,ARL5A
ENSG00000162981,LRATD1
ENSG00000163032,VSNL1
ENSG00000163071,SPATA18
ENSG00000163082,SGPP2
ENSG00000163141,BNIPL
ENSG00000163170,BOLA3
ENSG00000163191,S100A11
ENSG00000163207,IVL
ENSG00000163209,SPRR3
ENSG00000163214,DHX57
ENSG00000163216,SPRR2D
ENSG00000163218,PGLYRP4
ENSG00000163220,S100A9
ENSG00000163328,GPR155
ENSG00000163331,DAPL1
ENSG00000163344,PMVK
ENSG00000163346,PBXIP1
ENSG00000163347,CLDN1
ENSG00000163382,NAXE
ENSG00000163453,IGFBP7
ENSG00000163466,ARPC2
ENSG00000163472,TMEM79
ENSG00000163527,STT3B
ENSG00000163545,NUAK2
ENSG00000163624,CDS1
ENSG00000163629,PTPN13
ENSG00000163637,PRICKLE2
ENSG00000163682,RPL9
ENSG00000163683,SMIM14
ENSG00000163687,DNASE1L3
ENSG00000163807,KIAA1143
ENSG00000163898,LIPH
ENSG00000163923,RPL39L
ENSG00000163931,TKT
ENSG00000163964,PIGX
ENSG00000164039,BDH2
ENSG00000164051,CCDC51
ENSG00000164062,APEH
ENSG00000164096,C4orf3
ENSG00000164120,HPGD
ENSG00000164182,NDUFAF2
ENSG00000164251,F2RL1
ENSG00000164258,NDUFS4
ENSG00000164300,SERINC5
ENSG00000164308,ERAP2
ENSG00000164346,NSA2
ENSG00000164393,ADGRF2
ENSG00000164405,UQCRQ
ENSG00000164414,SLC35A1
ENSG00000164442,CITED2
ENSG00000164520,RAET1E
ENSG00000164574,GALNT10
ENSG00000164587,RPS14
ENSG00000164611,PTTG1
ENSG00000164647,STEAP1
ENSG00000164654,MIOS
ENSG00000164687,FABP5
ENSG00000164815,ORC5
ENSG00000164818,DNAAF5
ENSG00000164825,DEFB1
ENSG00000164855,TMEM184A
ENSG00000164885,CDK5
ENSG00000164904,ALDH7A1
ENSG00000164919,COX6C
ENSG00000164920,OSR2
ENSG00000164978,NUDT2
ENSG00000165097,KDM1B
ENSG00000165152,TMEM246
ENSG00000165240,ATP7A
ENSG00000165264,NDUFB6
ENSG00000165272,AQP3
ENSG00000165304,MELK
ENSG00000165474,GJB2
ENSG00000165475,CRYL1
ENSG00000165480,SKA3
ENSG00000165516,KLHDC2
ENSG00000165591,FAAH2
ENSG00000165609,NUDT5
ENSG00000165629,ATP5F1C
ENSG00000165698,SPACA9
ENSG00000165794,SLC39A2
ENSG00000165795,NDRG2
ENSG00000165886,UBTD1
ENSG00000165916,PSMC3
ENSG00000165949,IFI27
ENSG00000165953,SERPINA12
ENSG00000166025,AMOTL1
ENSG00000166033,HTRA1
ENSG00000166165,CKB
ENSG00000166171,DPCD
ENSG00000166183,ASPG
ENSG00000166197,NOLC1
ENSG00000166272,WBP1L
ENSG00000166295,ANAPC16
ENSG00000166347,CYB5A
ENSG00000166348,USP54
ENSG00000166387,PPFIBP2
ENSG00000166394,CYB5R2
ENSG00000166396,SERPINB7
ENSG00000166441,RPL27A
ENSG00000166477,LEO1
ENSG00000166483,WEE1
ENSG00000166508,MCM7
ENSG00000166535,A2ML1
ENSG00000166557,TMED3
ENSG00000166562,SEC11C
ENSG00000166589,CDH16
ENSG00000166598,HSP90B1
ENSG00000166681,BEX3
ENSG00000166689,PLEKHA7
ENSG00000166710,B2M
ENSG00000166794,PPIB
ENSG00000166828,SCNN1G
ENSG00000166833,NAV2
ENSG00000166869,CHP2
ENSG00000166974,MAPRE2
ENSG00000167004,PDIA3
ENSG00000167107,ACSF2
ENSG00000167112,TRUB2
ENSG00000167123,CERCAM
ENSG00000167272,POP5
ENSG00000167283,ATP5MG
ENSG00000167323,STIM1
ENSG00000167325,RRM1
ENSG00000167460,TPM4
ENSG00000167513,CDT1
ENSG00000167515,TRAPPC2L
ENSG00000167526,RPL13
ENSG00000167617,CDC42EP5
ENSG00000167644,C19orf33
ENSG00000167645,YIF1B
ENSG00000167656,LY6D
ENSG00000167658,EEF2
ENSG00000167693,NXN
ENSG00000167700,MFSD3
ENSG00000167721,TSR1
ENSG00000167741,GGT6
ENSG00000167754,KLK5
ENSG00000167757,KLK11
ENSG00000167759,KLK13
ENSG00000167767,KRT80
ENSG00000167768,KRT1
ENSG00000167769,ACER1
ENSG00000167792,NDUFV1
ENSG00000167797,CDK2AP2
ENSG00000167799,NUDT8
ENSG00000167815,PRDX2
ENSG00000167863,ATP5PD
ENSG00000167900,TK1
ENSG00000167914,GSDMA
ENSG00000167916,KRT24
ENSG00000167930,FAM234A
ENSG00000167965,MLST8
ENSG00000168000,BSCL2
ENSG00000168002,POLR2G
ENSG00000168010,ATG16L2
ENSG00000168028,RPSA
ENSG00000168032,ENTPD3
ENSG00000168061,SAC3D1
ENSG00000168077,SCARA3
ENSG00000168078,PBK
ENSG00000168090,COPS6
ENSG00000168118,RAB4A
ENSG00000168140,VASN
ENSG00000168159,RNF187
ENSG00000168268,NT5DC2
ENSG00000168386,FILIP1L
ENSG00000168393,DTYMK
ENSG00000168447,SCNN1B
ENSG00000168453,HR
ENSG00000168476,REEP4
ENSG00000168490,PHYHIP
ENSG00000168496,FEN1
ENSG00000168497,CAVIN2
ENSG00000168528,SERINC2
ENSG00000168538,TRAPPC11
ENSG00000168575,SLC20A2
ENSG00000168653,NDUFS5
ENSG00000168785,TSPAN5
ENSG00000168824,NSG1
ENSG00000168899,VAMP5
ENSG00000168907,PLA2G4F
ENSG00000168918,INPP5D
ENSG00000168936,TMEM129
ENSG00000168938,PPIC
ENSG00000169020,ATP5ME
ENSG00000169035,KLK7
ENSG00000169047,IRS1
ENSG00000169100,SLC25A6
ENSG00000169174,PCSK9
ENSG00000169184,MN1
ENSG00000169188,APEX2
ENSG00000169189,NSMCE1
ENSG00000169241,SLC50A1
ENSG00000169252,ADRB2
ENSG00000169299,PGM2
ENSG00000169469,SPRR1B
ENSG00000169474,SPRR1A
ENSG00000169550,MUC15
ENSG00000169583,CLIC3
ENSG00000169607,CKAP2L
ENSG00000169679,BUB1
ENSG00000169689,CENPX
ENSG00000169715,MT1E
ENSG00000169727,GPS1
ENSG00000169738,DCXR
ENSG00000169764,UGP2
ENSG00000169851,PCDH7
ENSG00000169855,ROBO1
ENSG00000169976,SF3B5
ENSG00000169991,IFFO2
ENSG00000170006,TMEM154
ENSG00000170043,TRAPPC1
ENSG00000170266,GLB1
ENSG00000170270,GON7
ENSG00000170271,FAXDC2
ENSG00000170275,CRTAP
ENSG00000170310,STX8
ENSG00000170312,CDK1
ENSG00000170348,TMED10
ENSG00000170385,SLC30A1
ENSG00000170423,KRT78
ENSG00000170426,SDR9C7
ENSG00000170430,MGMT
ENSG00000170454,KRT75
ENSG00000170465,KRT6C
ENSG00000170473,PYM1
ENSG00000170477,KRT4
ENSG00000170502,NUDT9
ENSG00000170515,PA2G4
ENSG00000170522,ELOVL6
ENSG00000170545,SMAGP
ENSG00000170571,EMB
ENSG00000170734,POLH
ENSG00000170786,SDR16C5
ENSG00000170855,TRIAP1
ENSG00000170873,MTSS1
ENSG00000170889,RPS9
ENSG00000170899,GSTA4
ENSG00000170906,NDUFA3
ENSG00000171159,C9orf16
ENSG00000171241,SHCBP1
ENSG00000171346,KRT15
ENSG00000171401,KRT13
ENSG00000171403,KRT9
ENSG00000171443,ZNF524
ENSG00000171476,HOPX
ENSG00000171517,LPAR3
ENSG00000171604,CXXC5
ENSG00000171723,GPHN
ENSG00000171793,CTPS1
ENSG00000171848,RRM2
ENSG00000171858,RPS21
ENSG00000171863,RPS7
ENSG00000171954,CYP4F22
ENSG00000171960,PPIH
ENSG00000172053,QARS
ENSG00000172086,KRCC1
ENSG00000172137,CALB2
ENSG00000172164,SNTB1
ENSG00000172172,MRPL13
ENSG00000172201,ID4
ENSG00000172269,DPAGT1
ENSG00000172270,BSG
ENSG00000172296,SPTLC3
ENSG00000172331,BPGM
ENSG00000172336,POP7
ENSG00000172340,SUCLG2
ENSG00000172345,STARD5
ENSG00000172380,GNG12
ENSG00000172428,COPS9
ENSG00000172469,MANEA
ENSG00000172500,FIBP
ENSG00000172548,NIPAL4
ENSG00000172586,CHCHD1
ENSG00000172590,MRPL52
ENSG00000172594,SMPDL3A
ENSG00000172757,CFL1
ENSG00000172809,RPL38
ENSG00000172818,OVOL1
ENSG00000172824,CES4A
ENSG00000172831,CES2
ENSG00000172867,KRT2
ENSG00000172893,DHCR7
ENSG00000172992,DCAKD
ENSG00000173083,HPSE
ENSG00000173085,COQ2
ENSG00000173113,TRMT112
ENSG00000173141,MRPL57
ENSG00000173156,RHOD
ENSG00000173163,COMMD1
ENSG00000173207,CKS1B
ENSG00000173212,MAB21L3
ENSG00000173221,GLRX
ENSG00000173239,LIPM
ENSG00000173267,SNCG
ENSG00000173338,KCNK7
ENSG00000173409,ARV1
ENSG00000173418,NAA20
ENSG00000173432,SAA1
ENSG00000173465,ZNRD2
ENSG00000173540,GMPPB
ENSG00000173660,UQCRH
ENSG00000173726,TOMM20
ENSG00000173801,JUP
ENSG00000173894,CBX2
ENSG00000173915,ATP5MD
ENSG00000174132,FAM174A
ENSG00000174145,NWD2
ENSG00000174306,ZHX3
ENSG00000174307,PHLDA3
ENSG00000174327,SLC16A13
ENSG00000174332,GLIS1
ENSG00000174371,EXO1
ENSG00000174442,ZWILCH
ENSG00000174444,RPL4
ENSG00000174502,SLC26A9
ENSG00000174547,MRPL11
ENSG00000174564,IL20RB
ENSG00000174628,IQCK
ENSG00000174684,B4GAT1
ENSG00000174705,SH3PXD2B
ENSG00000174744,BRMS1
ENSG00000174748,RPL15
ENSG00000174791,RIN1
ENSG00000174851,YIF1A
ENSG00000174886,NDUFA11
ENSG00000174903,RAB1B
ENSG00000174917,MICOS13
ENSG00000174938,SEZ6L2
ENSG00000174950,CD164L2
ENSG00000174989,FBXW8
ENSG00000175040,CHST2
ENSG00000175061,SNHG29
ENSG00000175063,UBE2C
ENSG00000175121,WFDC5
ENSG00000175155,YPEL2
ENSG00000175198,PCCA
ENSG00000175220,ARHGAP1
ENSG00000175287,PHYHD1
ENSG00000175390,EIF3F
ENSG00000175416,CLTB
ENSG00000175575,PAAF1
ENSG00000175581,MRPL48
ENSG00000175600,SUGCT
ENSG00000175602,CCDC85B
ENSG00000175643,RMI2
ENSG00000175662,TOM1L2
ENSG00000175756,AURKAIP1
ENSG00000175768,TOMM5
ENSG00000175792,RUVBL1
ENSG00000175854,SWI5
ENSG00000175906,ARL4D
ENSG00000176087,SLC35A4
ENSG00000176153,GPX2
ENSG00000176194,CIDEA
ENSG00000176261,ZBTB8OS
ENSG00000176340,COX8A
ENSG00000176393,RNPEP
ENSG00000176623,RMDN1
ENSG00000176658,MYO1D
ENSG00000176890,TYMS
ENSG00000176928,GCNT4
ENSG00000176973,FAM89B
ENSG00000177098,SCN4B
ENSG00000177156,TALDO1
ENSG00000177380,PPFIA3
ENSG00000177410,ZFAS1
ENSG00000177494,ZBED2
ENSG00000177508,IRX3
ENSG00000177556,ATOX1
ENSG00000177600,RPLP2
ENSG00000177628,GBA
ENSG00000177646,ACAD9
ENSG00000177674,AGTRAP
ENSG00000177700,POLR2L
ENSG00000177830,CHID1
ENSG00000177954,RPS27
ENSG00000177971,IMP3
ENSG00000178035,IMPDH2
ENSG00000178057,NDUFAF3
ENSG00000178172,SPINK6
ENSG00000178184,PARD6G
ENSG00000178363,CALML3
ENSG00000178372,CALML5
ENSG00000178425,NT5DC1
ENSG00000178449,COX14
ENSG00000178573,MAF
ENSG00000178585,CTNNBIP1
ENSG00000178726,THBD
ENSG00000178741,COX5A
ENSG00000178750,STX19
ENSG00000178776,C5orf46
ENSG00000178802,MPI
ENSG00000178934,LGALS7B
ENSG00000178952,TUFM
ENSG00000178982,EIF3K
ENSG00000178996,SNX18
ENSG00000178999,AURKB
ENSG00000179041,RRS1
ENSG00000179051,RCC2
ENSG00000179085,DPM3
ENSG00000179091,CYC1
ENSG00000179218,CALR
ENSG00000179271,GADD45GIP1
ENSG00000179344,HLA-DQB1
ENSG00000179409,GEMIN4
ENSG00000179477,ALOX12B
ENSG00000179593,ALOX15B
ENSG00000179846,NKPD1
ENSG00000179862,CITED4
ENSG00000179958,DCTPP1
ENSG00000180155,LYNX1
ENSG00000180316,PNPLA1
ENSG00000180425,C11orf71
ENSG00000180739,S1PR5
ENSG00000180817,PPA1
ENSG00000180871,CXCR2
ENSG00000180879,SSR4
ENSG00000180964,TCEAL8
ENSG00000181029,TRAPPC5
ENSG00000181061,HIGD1A
ENSG00000181104,F2R
ENSG00000181163,NPM1
ENSG00000181192,DHTKD1
ENSG00000181333,HEPHL1
ENSG00000181458,TMEM45A
ENSG00000181481,RNF135
ENSG00000181804,SLC9A9
ENSG00000181929,PRKAG1
ENSG00000182054,IDH2
ENSG00000182118,FAM89A
ENSG00000182154,MRPL41
ENSG00000182165,TP53TG1
ENSG00000182195,LDOC1
ENSG00000182220,ATP6AP2
ENSG00000182240,BACE2
ENSG00000182261,NLRP10
ENSG00000182489,XKRX
ENSG00000182512,GLRX5
ENSG00000182518,FAM104B
ENSG00000182541,LIMK2
ENSG00000182544,MFSD5
ENSG00000182551,ADI1
ENSG00000182552,RWDD4
ENSG00000182580,EPHB3
ENSG00000182585,EPGN
ENSG00000182670,TTC3
ENSG00000182774,RPS17
ENSG00000182782,HCAR2
ENSG00000182795,C1orf116
ENSG00000182871,COL18A1
ENSG00000182899,RPL35A
ENSG00000183011,NAA38
ENSG00000183048,SLC25A10
ENSG00000183049,CAMK1D
ENSG00000183111,ARHGEF37
ENSG00000183172,SMDT1
ENSG00000183207,RUVBL2
ENSG00000183347,GBP6
ENSG00000183378,OVCH2
ENSG00000183479,TREX2
ENSG00000183527,PSMG1
ENSG00000183578,TNFAIP8L3
ENSG00000183617,MRPL54
ENSG00000183648,NDUFB1
ENSG00000183671,GPR1
ENSG00000183742,MACC1
ENSG00000183751,TBL3
ENSG00000183762,KREMEN1
ENSG00000183765,CHEK2
ENSG00000183856,IQGAP3
ENSG00000183978,COA3
ENSG00000184009,ACTG1
ENSG00000184076,UQCR10
ENSG00000184117,NIPSNAP1
ENSG00000184148,SPRR4
ENSG00000184164,CRELD2
ENSG00000184178,SCFD2
ENSG00000184292,TACSTD2
ENSG00000184459,BPIFC
ENSG00000184500,PROS1
ENSG00000184584,TMEM173
ENSG00000184752,NDUFA12
ENSG00000184828,ZBTB7C
ENSG00000184831,APOO
ENSG00000184903,IMMP2L
ENSG00000185262,UBALD2
ENSG00000185305,ARL15
ENSG00000185306,C12orf56
ENSG00000185414,MRPL30
ENSG00000185475,TMEM179B
ENSG00000185479,KRT6B
ENSG00000185515,BRCC3
ENSG00000185567,AHNAK2
ENSG00000185608,MRPL40
ENSG00000185614,INKA1
ENSG00000185624,P4HB
ENSG00000185627,PSMD13
ENSG00000185633,NDUFA4L2
ENSG00000185640,KRT79
ENSG00000185664,PMEL
ENSG00000185668,POU3F1
ENSG00000185745,IFIT1
ENSG00000185885,IFITM1
ENSG00000185896,LAMP1
ENSG00000185909,KLHDC8B
ENSG00000185963,BICD2
ENSG00000186010,NDUFA13
ENSG00000186073,C15orf41
ENSG00000186081,KRT5
ENSG00000186132,C2orf76
ENSG00000186193,SAPCD2
ENSG00000186212,SOWAHB
ENSG00000186283,TOR3A
ENSG00000186340,THBS2
ENSG00000186395,KRT10
ENSG00000186442,KRT3
ENSG00000186468,RPS23
ENSG00000186687,LYRM7
ENSG00000186806,VSIG10L
ENSG00000186832,KRT16
ENSG00000186847,KRT14
ENSG00000186871,ERCC6L
ENSG00000186973,FAM183A
ENSG00000187017,ESPN
ENSG00000187091,PLCD1
ENSG00000187109,NAP1L1
ENSG00000187193,MT1X
ENSG00000187446,CHP1
ENSG00000187608,ISG15
ENSG00000187630,DHRS4L2
ENSG00000187713,TMEM203
ENSG00000187720,THSD4
ENSG00000188001,TPRG1
ENSG00000188010,MORN2
ENSG00000188042,ARL4C
ENSG00000188089,PLA2G4E
ENSG00000188100,FAM25A
ENSG00000188112,C6orf132
ENSG00000188186,LAMTOR4
ENSG00000188243,COMMD6
ENSG00000188293,IGFL1
ENSG00000188313,PLSCR1
ENSG00000188352,FOCAD
ENSG00000188372,ZP3
ENSG00000188373,C10orf99
ENSG00000188393,CLEC2A
ENSG00000188483,IER5L
ENSG00000188505,NCCRP1
ENSG00000188508,KRTDAP
ENSG00000188624,IGFL3
ENSG00000188643,S100A16
ENSG00000188846,RPL14
ENSG00000189001,SBSN
ENSG00000189043,NDUFA4
ENSG00000189051,RNF222
ENSG00000189057,FAM111B
ENSG00000189120,SP6
ENSG00000189143,CLDN4
ENSG00000189182,KRT77
ENSG00000189221,MAOA
ENSG00000189280,GJB5
ENSG00000189334,S100A14
ENSG00000189366,ALG1L
ENSG00000189431,RASSF10
ENSG00000196139,AKR1C3
ENSG00000196154,S100A4
ENSG00000196189,SEMA4A
ENSG00000196230,TUBB
ENSG00000196262,PPIA
ENSG00000196372,ASB13
ENSG00000196407,THEM5
ENSG00000196419,XRCC6
ENSG00000196497,IPO4
ENSG00000196531,NACA
ENSG00000196542,SPTSSB
ENSG00000196562,SULF2
ENSG00000196636,SDHAF3
ENSG00000196683,TOMM7
ENSG00000196743,GM2A
ENSG00000196754,S100A2
ENSG00000196782,MAML3
ENSG00000196975,ANXA4
ENSG00000196976,LAGE3
ENSG00000197191,CYSRT1
ENSG00000197329,PELI1
ENSG00000197345,MRPL21
ENSG00000197442,MAP3K5
ENSG00000197448,GSTK1
ENSG00000197506,SLC28A3
ENSG00000197568,HHLA3
ENSG00000197614,MFAP5
ENSG00000197632,SERPINB2
ENSG00000197635,DPP4
ENSG00000197641,SERPINB13
ENSG00000197646,PDCD1LG2
ENSG00000197728,RPS26
ENSG00000197746,PSAP
ENSG00000197747,S100A10
ENSG00000197756,RPL37A
ENSG00000197766,CFD
ENSG00000197872,FAM49A
ENSG00000197894,ADH5
ENSG00000197953,AADACL2
ENSG00000197956,S100A6
ENSG00000197958,RPL12
ENSG00000198034,RPS4X
ENSG00000198074,AKR1B10
ENSG00000198092,TMPRSS11F
ENSG00000198146,ZNF770
ENSG00000198168,SVIP
ENSG00000198242,RPL23A
ENSG00000198258,UBL5
ENSG00000198324,PHETA1
ENSG00000198356,GET3
ENSG00000198417,MT1F
ENSG00000198478,SH3BGRL2
ENSG00000198483,ANKRD35
ENSG00000198561,CTNND1
ENSG00000198589,LRBA
ENSG00000198612,COPS8
ENSG00000198624,CCDC69
ENSG00000198715,GLMP
ENSG00000198729,PPP1R14C
ENSG00000198736,MSRB1
ENSG00000198755,RPL10A
ENSG00000198826,ARHGAP11A
ENSG00000198854,C1orf68
ENSG00000198894,CIPC
ENSG00000198901,PRC1
ENSG00000198918,RPL39
ENSG00000198931,APRT
ENSG00000198937,CCDC167
ENSG00000198948,MFAP3L
ENSG00000203722,RAET1G
ENSG00000203760,CENPW
ENSG00000203778,FAM229B
ENSG00000203782,LOR
ENSG00000203783,PRR9
ENSG00000203837,PNLIPRP3
ENSG00000204020,LIPN
ENSG00000204021,LIPK
ENSG00000204103,MAFB
ENSG00000204220,PFDN6
ENSG00000204228,HSD17B8
ENSG00000204262,COL5A2
ENSG00000204272,NBDY
ENSG00000204315,FKBPL
ENSG00000204323,SMIM5
ENSG00000204356,NELFE
ENSG00000204370,SDHD
ENSG00000204371,EHMT2
ENSG00000204392,LSM2
ENSG00000204420,MPIG6B
ENSG00000204421,LY6G6C
ENSG00000204538,PSORS1C2
ENSG00000204539,CDSN
ENSG00000204592,HLA-E
ENSG00000204628,RACK1
ENSG00000204866,IGFL2
ENSG00000204922,UQCC3
ENSG00000205076,LGALS7
ENSG00000205155,PSENEN
ENSG00000205213,LGR4
ENSG00000205336,ADGRG1
ENSG00000205358,MT1H
ENSG00000205364,MT1M
ENSG00000205413,SAMD9
ENSG00000205420,KRT6A
ENSG00000205476,CCDC85C
ENSG00000205488,CALML3-AS1
ENSG00000205542,TMSB4X
ENSG00000205544,TMEM256
ENSG00000205707,ETFRF1
ENSG00000205978,NYNRIN
ENSG00000206073,SERPINB4
ENSG00000206075,SERPINB5
ENSG00000206503,HLA-A
ENSG00000206527,HACD2
ENSG00000211445,GPX3
ENSG00000212724,KRTAP2-3
ENSG00000212864,RNF208
ENSG00000213190,MLLT11
ENSG00000213462,ERV3-1
ENSG00000213465,ARL2
ENSG00000213533,STIMATE
ENSG00000213619,NDUFS3
ENSG00000213676,ATF6B
ENSG00000213741,RPS29
ENSG00000213903,LTB4R
ENSG00000213906,LTB4R2
ENSG00000213977,TAX1BP3
ENSG00000214113,LYRM4
ENSG00000214114,MYCBP
ENSG00000214160,ALG3
ENSG00000214253,FIS1
ENSG00000214736,TOMM6
ENSG00000214944,ARHGEF28
ENSG00000215021,PHB2
ENSG00000215458,AATBC
ENSG00000215845,TSTD1
ENSG00000215853,RPTN
ENSG00000216490,IFI30
ENSG00000221869,CEBPD
ENSG00000221983,UBA52
ENSG00000221988,PPT2
ENSG00000223501,VPS52
ENSG00000223572,CKMT1A
ENSG00000223573,TINCR
ENSG00000224051,CPTP
ENSG00000224259,LINC01133
ENSG00000224260,AL023754.1
ENSG00000224877,NDUFAF8
ENSG00000224984,AL512363.1
ENSG00000225383,SFTA1P
ENSG00000226005,LINC02660
ENSG00000227500,SCAMP4
ENSG00000228474,OST4
ENSG00000228594,FNDC10
ENSG00000229117,RPL41
ENSG00000229666,MAST4-AS1
ENSG00000229833,PET100
ENSG00000230937,MIR205HG
ENSG00000230943,LINC02541
ENSG00000231131,LNCAROD
ENSG00000231233,CFAP58-DT
ENSG00000231500,RPS18
ENSG00000231767,AL136454.1
ENSG00000231811,AL159166.1
ENSG00000231826,LINC01819
ENSG00000231971,CT69
ENSG00000232442,MHENCR
ENSG00000233461,AL445524.1
ENSG00000233493,TMEM238
ENSG00000233621,LINC01137
ENSG00000233901,LINC01503
ENSG00000233927,RPS28
ENSG00000233954,UQCRHL
ENSG00000235098,ANKRD65
ENSG00000235109,ZSCAN31
ENSG00000235173,HGH1
ENSG00000236740,AL033384.1
ENSG00000237101,AC092809.4
ENSG00000237289,CKMT1B
ENSG00000237499,WAKMAR2
ENSG00000237651,C2orf74
ENSG00000239264,TXNDC5
ENSG00000239282,CASTOR1
ENSG00000239672,NME1
ENSG00000240184,PCDHGC3
ENSG00000240747,KRBOX1
ENSG00000240972,MIF
ENSG00000241343,RPL36A
ENSG00000241468,ATP5MF
ENSG00000241794,SPRR2A
ENSG00000241837,ATP5PO
ENSG00000242110,AMACR
ENSG00000242372,EIF6
ENSG00000242485,MRPL20
ENSG00000242498,ARPIN
ENSG00000243056,EIF4EBP3
ENSG00000243137,PSG4
ENSG00000243279,PRAF2
ENSG00000243317,STMP1
ENSG00000243364,EFNA4
ENSG00000243566,UPK3B
ENSG00000243667,WDR92
ENSG00000243678,NME2
ENSG00000243708,PLA2G4B
ENSG00000243789,JMJD7
ENSG00000243989,ACY1
ENSG00000244038,DDOST
ENSG00000244187,TMEM141
ENSG00000244509,APOBEC3C
ENSG00000244617,ASPRV1
ENSG00000245848,CEBPA
ENSG00000245910,SNHG6
ENSG00000246223,LINC01550
ENSG00000246228,CASC8
ENSG00000246705,H2AFJ
ENSG00000247271,ZBED5-AS1
ENSG00000248098,BCKDHA
ENSG00000248487,ABHD14A
ENSG00000250722,SELENOP
ENSG00000251095,AC093866.1
ENSG00000251442,LINC01094
ENSG00000253368,TRNP1
ENSG00000253417,LINC02159
ENSG00000253729,PRKDC
ENSG00000253766,AC091946.1
ENSG00000254685,FPGT
ENSG00000254772,EEF1G
ENSG00000254827,SLC22A18AS
ENSG00000254858,MPV17L2
ENSG00000254986,DPP3
ENSG00000254999,BRK1
ENSG00000255198,SNHG9
ENSG00000255221,CARD17
ENSG00000255398,HCAR3
ENSG00000255501,CARD18
ENSG00000256269,HMBS
ENSG00000256462,AL732437.1
ENSG00000256812,CAPNS2
ENSG00000257084,MIR200CHG
ENSG00000257219,LNCOG
ENSG00000257365,FNTB
ENSG00000258279,LINC00592
ENSG00000258315,C17orf49
ENSG00000258659,TRIM34
ENSG00000258791,LINC00520
ENSG00000260025,CRIM1-DT
ENSG00000260581,AC011374.1
ENSG00000260912,AL158206.1
ENSG00000260916,CCPG1
ENSG00000261183,SPINT1-AS1
ENSG00000261236,BOP1
ENSG00000262814,MRPL12
ENSG00000263335,AF001548.2
ENSG00000264230,ANXA8L1
ENSG00000265107,GJA5
ENSG00000265190,ANXA8
ENSG00000265681,RPL17
ENSG00000265972,TXNIP
ENSG00000266094,RASSF5
ENSG00000266208,AC080112.1
ENSG00000266304,LIVAR
ENSG00000266402,SNHG25
ENSG00000266472,MRPS21
ENSG00000267368,UPK3BL1
ENSG00000267855,NDUFA7
ENSG00000268307,LINC02560
ENSG00000268601,AC115522.1
ENSG00000268621,IGFL2-AS1
ENSG00000269729,AC006262.2
ENSG00000269855,RNF225
ENSG00000270647,TAF15
ENSG00000271447,MMP28
ENSG00000272047,GTF2H5
ENSG00000272369,AC008035.1
ENSG00000272398,CD24
ENSG00000272666,U62317.1
ENSG00000273760,AC245041.1
ENSG00000275342,PRAG1
ENSG00000276045,ORAI1
ENSG00000276170,AC244153.1
ENSG00000276600,RAB7B
ENSG00000277586,NEFL
ENSG00000277791,PSMB3
ENSG00000277972,CISD3
ENSG00000278540,ACACA
ENSG00000283992,SLURP2
ENSG00000284981,UPK3BL2
ENSG00000285108,AC103718.1
ENSG00000285972,CERNA2
ENSG00000286010,AC108925.1
ENSG00000286342,AC073210.3
ENSG00000286451,AL499602.1
ENSG00000287895,AL136379.1
ENSG00000287987,AL390839.2
