"","X","baseMean","log2FoldChange","lfcSE","pvalue","padj","symbol"
"1210","ENSG00000168209",1053.0499884825,3.42049778211878,0.0955877047300284,2.94184061105581e-281,1.84533638329864e-278,"DDIT4"
"1609","ENSG00000198431",240.655865364802,3.7437759225706,0.172584391156578,3.79741161296815e-105,5.57492343180431e-103,"TXNRD1"
"494","ENSG00000117394",724.59729882715,1.54041557768674,0.0876997518172224,1.52632105962822e-69,1.32473148571506e-67,"SLC2A1"
"1204","ENSG00000167996",987.466514733983,1.36395500724026,0.0869143035467203,6.15208113347095e-56,4.14140095814142e-54,"FTH1"
"226","ENSG00000100219",277.321408255914,1.50280834769837,0.130485407306045,3.8596855134327e-31,1.43567816941701e-29,"XBP1"
"65","ENSG00000046604",141.945004080152,2.09833468431699,0.184184391975311,1.02958152350913e-30,3.72919291979685e-29,"DSG2"
"576","ENSG00000124145",440.802795348317,1.10070528196388,0.103737273573332,1.35389371401271e-26,4.22708897135189e-25,"SDC4"
"723","ENSG00000134107",353.524083531665,1.13022295856659,0.109543406378782,3.0229316469967e-25,8.70907238591951e-24,"BHLHE40"
"600","ENSG00000125753",171.459148763418,1.66034500180674,0.175583084356195,9.69257097676674e-22,2.42754046242071e-20,"VASP"
"352","ENSG00000106105",336.785324481639,1.08573798536212,0.118980611723672,3.71866761982474e-20,8.39895468962052e-19,"GARS1"
"355","ENSG00000106366",219.707582287747,1.29252185806896,0.146544272677944,5.01716189747085e-19,1.08182553414215e-17,"SERPINE1"
"586","ENSG00000124831",93.9434925784632,1.9642444247146,0.227637858544946,1.50273842876221e-18,3.15163986579309e-17,"LRRFIP1"
"1255","ENSG00000170421",52.2921601614592,2.76772033852482,0.328994001790961,6.63572586755453e-18,1.34318065476543e-16,"KRT8"
"255","ENSG00000101255",112.843396505859,1.61216085022416,0.213040070358003,1.17830194593292e-14,1.99027746069453e-13,"TRIB3"
"1417","ENSG00000181885",66.8680770840417,2.21463070051084,0.295481487020691,1.28809298636495e-14,2.17306640731496e-13,"CLDN7"
"1697","ENSG00000213859",110.539519040063,1.52146942432473,0.203957770436743,2.96259046035875e-14,4.83259436796108e-13,"KCTD11"
"875","ENSG00000144118",197.759758409177,1.12344197337412,0.154785568542138,1.97753623084425e-13,3.03559510407682e-12,"RALB"
"926","ENSG00000148926",135.411243054929,1.35396820154694,0.188383622422373,2.66358414188894e-13,4.04817854163737e-12,"ADM"
"289","ENSG00000103257",239.937404577008,1.05589947272077,0.147265960180612,4.54541924582175e-13,6.73757095513858e-12,"SLC7A5"
"861","ENSG00000143418",88.421821368478,1.65278709186766,0.234714001236619,5.62620434026763e-13,8.31280726934617e-12,"CERS2"
"1446","ENSG00000183723",43.4103164124182,2.44845814979288,0.351212566981893,5.64641095262371e-13,8.33374022954087e-12,"CMTM4"
"1196","ENSG00000167702",132.740959740081,1.37639619361335,0.195017197108845,6.6534810452196e-13,9.73680152958966e-12,"KIFC2"
"559","ENSG00000122884",63.0401534060849,1.88919571053165,0.271810595578324,8.70552521363371e-13,1.24881754623852e-11,"P4HA1"
"1235","ENSG00000169692",84.2616924816226,1.6848300506584,0.243168106414268,1.23227202245326e-12,1.7477239372924e-11,"AGPAT2"
"312","ENSG00000104756",131.302339586745,1.32388406647516,0.190784104784857,1.63576299131052e-12,2.29639158495271e-11,"KCTD9"
"805","ENSG00000139645",96.7128780445327,1.50060126630172,0.218599341347626,2.32383264785369e-12,3.21653867004824e-11,"ANKRD52"
"194","ENSG00000089902",118.511335097576,1.35045862616322,0.196890839197142,2.77410323378352e-12,3.82062122018089e-11,"RCOR1"
"418","ENSG00000111371",191.840263644677,1.07191115375675,0.155996562847354,3.39762878434795e-12,4.65520798860954e-11,"SLC38A1"
"454","ENSG00000113758",73.9760393233083,1.74709403917192,0.262142037524425,7.2591255596056e-12,9.65086057057392e-11,"DBN1"
"444","ENSG00000112715",64.4105128239683,1.77588371249023,0.267751094416878,9.05573318313903e-12,1.19473344098775e-10,"VEGFA"
"1607","ENSG00000198380",52.2413410835987,1.95635531830518,0.298745681759823,1.36969488803085e-11,1.7764839713182e-10,"GFPT1"
"890","ENSG00000145214",36.4550049397622,2.4561902213827,0.379920565057381,1.83325633534526e-11,2.35120236317515e-10,"DGKQ"
"741","ENSG00000135269",139.035395897226,1.1850754146804,0.181273657017772,2.97013263247233e-11,3.75346431576174e-10,"TES"
"964","ENSG00000152952",25.7105857074858,2.96024966060392,0.475392971608383,7.37375677371522e-11,8.98920878774471e-10,"PLOD2"
"370","ENSG00000107404",138.105350320788,1.10162371454461,0.185472874709275,1.45834886957357e-09,1.59470795563512e-08,"DVL1"
"1479","ENSG00000185189",58.3920444618641,1.66682968378233,0.289904986979691,2.60685630488339e-09,2.78010950598074e-08,"NRBP2"
"69","ENSG00000048140",68.7500217775586,1.49244313296099,0.258400896991427,2.66855347772872e-09,2.83932444045153e-08,"TSPAN17"
"26","ENSG00000008710",19.7028792400467,3.12838685964527,0.561540373128206,3.73171334317525e-09,3.9341210187791e-08,"PKD1"
"540","ENSG00000120910",46.57988083432,1.79842849856982,0.318522723349306,4.33831903771348e-09,4.54239777848604e-08,"PPP3CC"
"482","ENSG00000116212",123.923963984604,1.04517605230795,0.184833095586291,8.64466220412665e-09,8.79118190250168e-08,"LRRC42"
"496","ENSG00000117500",51.1140206594715,1.65361230261099,0.300223772530913,1.09467809546583e-08,1.0940746722424e-07,"TMED5"
"1452","ENSG00000184007",77.7244687830846,1.31628424855989,0.241657195556311,2.13526114233697e-08,2.04913795300767e-07,"PTP4A2"
"250","ENSG00000101160",67.3604972013526,1.49486066921975,0.276918859299426,2.20377353522635e-08,2.10755889023726e-07,"CTSZ"
"901","ENSG00000146242",61.7685690958065,1.4153488305672,0.262475957333557,2.59462600504846e-08,2.45750438364233e-07,"TPBG"
"1567","ENSG00000196923",63.6575239421186,1.40716169212851,0.266981989004395,5.11899732251565e-08,4.65057031275286e-07,"PDLIM7"
"107","ENSG00000068028",66.2841050168997,1.37549883425334,0.261763800177569,5.6571120969292e-08,5.11922275000807e-07,"RASSF1"
"1549","ENSG00000196422",29.6771589529291,2.07682121120715,0.406466855602794,6.98169258774577e-08,6.24820737424719e-07,"PPP1R26"
"269","ENSG00000102038",34.136235497543,1.92962854086591,0.376497648214231,7.08903104359925e-08,6.33605106228431e-07,"SMARCA1"
"1625","ENSG00000198752",103.340672976073,1.02528698774424,0.200585524056846,1.79894026777061e-07,1.52302918375671e-06,"CDC42BPB"
"1242","ENSG00000169926",69.8559906629777,1.23814305342487,0.244764254742005,1.88707969156363e-07,1.59471523230729e-06,"KLF13"
"1271","ENSG00000171224",16.5008712673295,3.1613517826613,0.658877201447433,2.13493432990295e-07,1.78883386476385e-06,"FAM241B"
"1829","ENSG00000249673",24.526898160776,2.20512931029904,0.453303136764543,2.21299349357666e-07,1.84639118569274e-06,NA
"4","ENSG00000004961",110.915367583637,1.03210035080091,0.203919544740966,2.39731550055682e-07,1.98696419865971e-06,"HCCS"
"1343","ENSG00000176171",37.9026422936777,1.67595267098191,0.340351539871026,2.40108458314257e-07,1.98889359227896e-06,"BNIP3"
"1380","ENSG00000179195",88.1814711607134,1.12491221843672,0.225704572309955,3.12810834418495e-07,2.54377696816454e-06,"ZNF664"
"1132","ENSG00000164758",40.0049597431778,1.71486621703253,0.358338858102032,4.73064564861704e-07,3.74543373212364e-06,"MED30"
"340","ENSG00000105700",85.3241195105295,1.15664528740101,0.237463627559569,5.39042753857632e-07,4.22898806323782e-06,"KXD1"
"134","ENSG00000075399",20.1150450704554,2.50634630888632,0.543109269332748,6.39804802027421e-07,4.96028442021259e-06,"VPS9D1"
"810","ENSG00000140367",50.5950540717615,1.41839072001876,0.299836287981465,8.16188796663061e-07,6.20231574556731e-06,"UBE2Q2"
"754","ENSG00000136273",48.8315169926511,1.46621852312039,0.310525958328595,8.2532767414197e-07,6.26486353309086e-06,"HUS1"
"387","ENSG00000108846",23.3751489215948,2.07117599417896,0.454054530242589,1.05609605949187e-06,7.89497595936501e-06,"ABCC3"
"1720","ENSG00000224251",14.4164479656078,6.32340394562031,1.52669292206034,1.40805412554405e-06,1.03247326952752e-05,NA
"714","ENSG00000133703",63.32575345319,1.18514949425879,0.2561649212826,1.75071466394969e-06,1.25832616471384e-05,"KRAS"
"1141","ENSG00000164970",52.2421774908756,1.30221503511121,0.283989137644109,1.8698131829108e-06,1.33835175955233e-05,"FAM219A"
"62","ENSG00000042286",10.9647183534995,3.51557312494528,0.815502880254998,2.46752880186637e-06,1.73911631592216e-05,"AIFM2"
"1236","ENSG00000169826",37.8230537416162,1.57243824718037,0.356076883546414,3.06138677663286e-06,2.12724760914066e-05,"CSGALNACT2"
"1813","ENSG00000244274",84.1501346402138,1.07559320494051,0.238926570456156,3.53888882183449e-06,2.43574392724768e-05,"DBNDD2"
"1641","ENSG00000203485",32.5759199408883,1.60624706647163,0.371098284334827,4.4825796168771e-06,3.02936330621469e-05,"INF2"
"889","ENSG00000145107",45.7717700170847,1.32280517468062,0.301174168773875,4.51974485994168e-06,3.04999897639096e-05,"TM4SF19"
"1125","ENSG00000164305",75.8524009674759,1.05470245038541,0.23707778204609,4.63018087290538e-06,3.11994609600069e-05,"CASP3"
"1808","ENSG00000242247",63.6117261681764,1.22539166252515,0.281024753950123,5.77589297187937e-06,3.8394664263938e-05,"ARFGAP3"
"725","ENSG00000134278",46.6044996251787,1.30467215293596,0.303991740655703,7.27959391408095e-06,4.76331891959777e-05,"SPIRE1"
"1208","ENSG00000168092",55.36133666206,1.21226401239311,0.281748902835168,7.61400161848491e-06,4.96565322944668e-05,"PAFAH1B2"
"691","ENSG00000131871",62.1213911358527,1.08660123131422,0.252151689062014,8.5540926603831e-06,5.52910907322186e-05,"SELENOS"
"365","ENSG00000107175",69.5974904865569,1.18828053948432,0.277625106610507,8.57519581208875e-06,5.53497203960827e-05,"CREB3"
"1186","ENSG00000167543",20.7340444562361,1.91988214518971,0.469140516720995,9.80364408727767e-06,6.24608903067552e-05,"TP53I13"
"1736","ENSG00000226742",76.5898728414043,1.04955079172006,0.245038846517768,1.00548750377426e-05,6.39139914881841e-05,"HSBP1L1"
"1352","ENSG00000176920",29.1156145190264,1.69116916472048,0.411114643391044,1.04573315526764e-05,6.63194740013485e-05,"FUT2"
"120","ENSG00000070961",51.4663549181769,1.20847106111442,0.289049989475168,1.32220077297369e-05,8.24135983154332e-05,"ATP2B1"
"1269","ENSG00000171219",41.919025966895,1.34497601905831,0.32703146406137,1.53138149018551e-05,9.44283492607689e-05,"CDC42BPG"
"1576","ENSG00000197136",45.2221473842019,1.29394104342866,0.318089377258746,1.9230039206233e-05,0.00011649453074891,"PCNX3"
"222","ENSG00000099949",32.2153868589406,1.48754337465685,0.373206561020916,2.22659327412566e-05,0.000133828341389086,"LZTR1"
"808","ENSG00000140044",9.35019656285547,3.12693609283605,0.824785970335061,2.38448791746276e-05,0.000142265167578842,"JDP2"
"1957","ENSG00000267577",15.4535890328054,2.40246947415249,0.634727360458671,2.50836290622866e-05,0.00014888347572454,NA
"324","ENSG00000104976",29.8787504034627,1.49658913180904,0.380001819891488,2.69330681130014e-05,0.000158836042717701,"SNAPC2"
"149","ENSG00000078747",63.7376286752986,1.07430395391942,0.268483398566135,3.30641806842341e-05,0.000191475322468498,"ITCH"
"185","ENSG00000088387",45.221774479022,1.22466463214461,0.309046841092308,3.3114177955681e-05,0.000191684419374328,"DOCK9"
"526","ENSG00000120306",62.132672939256,1.14980581784389,0.289110729954755,3.33450549371591e-05,0.000192859077172169,"CYSTM1"
"276","ENSG00000102699",31.2718812667695,1.4418919174182,0.369820074179968,3.36029288846142e-05,0.000194187779986464,"PARP4"
"893","ENSG00000145335",23.9950017236262,1.72114172448932,0.452663079080676,3.68634678191036e-05,0.000211010047350334,"SNCA"
"16","ENSG00000006459",45.5126032611037,1.21463714585569,0.309253024020642,3.84837648133892e-05,0.000219452873729244,"KDM7A"
"132","ENSG00000075275",31.8550125316475,1.41077269200225,0.364151829788264,3.8598296115484e-05,0.00022001507079458,"CELSR1"
"1157","ENSG00000165943",63.4563202094097,1.08269833790016,0.273759626182034,3.93339453627241e-05,0.000223746267933055,"MOAP1"
"939","ENSG00000150403",27.6461059912005,1.54096791766545,0.404864978032438,4.46910015051333e-05,0.00025255357115923,"TMCO3"
"1552","ENSG00000196547",18.4544825578876,1.91454073933614,0.522582716610996,5.55117466014736e-05,0.000307902774558013,"MAN2A2"
"1568","ENSG00000196968",13.9864603042235,2.21371834135312,0.617327893808191,5.92024318693267e-05,0.000326797423918683,"FUT11"
"1707","ENSG00000215440",19.2155147367289,1.78895830183876,0.48866279436705,6.27266507684854e-05,0.000343775925577879,"NPEPL1"
"971","ENSG00000153885",40.6942204393348,1.26085828838106,0.332473861845864,6.30538753096135e-05,0.000345432107690618,"KCTD15"
"1634","ENSG00000198887",29.7988515789986,1.46249494933914,0.391110696489072,6.3276124045632e-05,0.000346512107868937,"SMC5"
"1277","ENSG00000171617",32.6253808989852,1.3814088493603,0.367669756742805,6.37592124986692e-05,0.000348880702807944,"ENC1"
"197","ENSG00000090565",28.2158126367341,1.53727149044467,0.414501615802486,6.51340316323182e-05,0.000355698312831813,"RAB11FIP3"
"1691","ENSG00000213445",11.970176313623,2.3818480470222,0.674616435028806,6.79516594103431e-05,0.000368460864386144,"SIPA1"
"1250","ENSG00000170265",48.8781511927886,1.11331946723554,0.292694559669979,7.16990842773974e-05,0.00038741087041037,"ZNF282"
"75","ENSG00000054793",30.5294594280587,1.38320085016731,0.372003901634596,7.3984733675645e-05,0.000398313161700307,"ATP9A"
"903","ENSG00000146587",29.9772363752314,1.42804925840463,0.387351718031103,7.96106932416044e-05,0.000425494797340876,"RBAK"
"944","ENSG00000151135",18.8344814158626,1.8128304610126,0.512256774335494,9.60848020968897e-05,0.000504362977914446,"TMEM263"
"495","ENSG00000117480",9.95191492038475,2.54645793508201,0.747993260143251,9.74752034373757e-05,0.000511078194314508,"FAAH"
"1274","ENSG00000171462",12.8198534520122,2.28834045799508,0.671665788174344,0.000109425721793796,0.000567057814778217,"DLK2"
"1258","ENSG00000170633",38.8242365228178,1.2112443187724,0.330548551547952,0.000110160819791652,0.000570010991047916,"RNF34"
"868","ENSG00000143811",56.0842051191602,1.00566349710221,0.27079399117641,0.000114132825462905,0.000588357486510304,"PYCR2"
"468","ENSG00000115548",36.0934409213492,1.21159723924523,0.33509264205371,0.000133143048672913,0.000674760951776055,"KDM3A"
"1135","ENSG00000164823",28.3184036064226,1.38016587449211,0.388343891936876,0.000139010746177328,0.000700638530769584,"OSGIN2"
"1807","ENSG00000242125",38.4455680386204,1.21084052143732,0.337128635204939,0.000146422975910215,0.000734243120480003,"SNHG3"
"106","ENSG00000067955",40.4193445758415,1.16574046360296,0.325445184987227,0.000160281631847502,0.000798582436036811,"CBFB"
"1824","ENSG00000247095",22.5242952356224,1.69629400871585,0.49866877706118,0.000167726628320145,0.000832599809646761,"MIR210HG"
"228","ENSG00000100242",38.1352209810948,1.17866681608209,0.331589647238264,0.000174543634845735,0.000863024779960995,"SUN2"
"541","ENSG00000120913",30.6069658291969,1.32459423020908,0.377653051752224,0.00017546550129059,0.000867272176866096,"PDLIM2"
"1660","ENSG00000204520",51.9264524907553,1.09784495687514,0.307203038721671,0.000176376307296439,0.000870838297206033,"MICA"
"299","ENSG00000103855",32.1373323147785,1.30520641800858,0.373136370039575,0.000186076610272013,0.00091382819279494,"CD276"
"1462","ENSG00000184441",7.17324045334006,3.48329074655303,1.0733151366785,0.000193551669772681,0.000946598398045511,NA
"1847","ENSG00000253313",53.6529584494794,1.02255398499558,0.286201625326762,0.000193572512991625,0.000946598398045511,"C1orf210"
"1579","ENSG00000197183",7.34383911574266,3.38426252358611,1.03403079541992,0.000197145646115838,0.000961555554118821,"NOL4L"
"1922","ENSG00000261609",23.6994138804758,1.49759246231524,0.437287480627826,0.000197495076350262,0.000962370075435599,"GAN"
"1105","ENSG00000163635",36.8788239312711,1.2051682734748,0.343728655499525,0.000204649010470633,0.000994071222983011,"ATXN7"
"1628","ENSG00000198780",17.313317665161,1.75776980024077,0.526548066596378,0.000211047373723664,0.00102155515867645,"FAM169A"
"759","ENSG00000136877",31.1637225829841,1.35607937634998,0.393725631280709,0.000214607131501441,0.00103515498592097,"FPGS"
"555","ENSG00000122515",36.6592865975296,1.21208417800933,0.349322204799309,0.000231804101307065,0.00110950530285769,"ZMIZ2"
"1087","ENSG00000162851",43.4256394034012,1.15565839325687,0.331987354590905,0.000234658983659304,0.0011216813212672,"TFB2M"
"1217","ENSG00000168487",36.8022993101287,1.18905362776203,0.342738638814771,0.000236559664772049,0.00112998386080106,"BMP1"
"1677","ENSG00000205730",14.1849454733479,1.87001231204162,0.572496705600642,0.000242257398513418,0.00115520114011236,"ITPRIPL2"
"865","ENSG00000143515",20.2900869818,1.5474751599707,0.462057437267427,0.000247015977056477,0.00117505014938965,"ATP8B2"
"660","ENSG00000130702",36.4824265465529,1.15351940536235,0.333754004804567,0.000257669010592059,0.00122193551414791,"LAMA5"
"700","ENSG00000132481",11.248366321949,2.3638552070787,0.751096960171179,0.000258165245233211,0.0012234479341409,"TRIM47"
"1265","ENSG00000170949",28.4031539469757,1.33848913148324,0.394410725662461,0.000265863361492414,0.001255617518342,"ZNF160"
"923","ENSG00000148411",18.0290387334518,1.68065185392814,0.511945248327361,0.000267408450868029,0.00126118818249446,"NACC2"
"176","ENSG00000086300",7.6997706060559,2.83442268550794,0.920684637376783,0.000271501152984214,0.00127830634977214,"SNX10"
"1324","ENSG00000174839",30.6391895176744,1.37197475619934,0.407391470427313,0.000275499523742509,0.00129580553089524,"DENND6A"
"856","ENSG00000142961",21.9241923678305,1.44319417727198,0.431932307351729,0.000280954101657444,0.00131921286249498,"MOB3C"
"1032","ENSG00000159692",39.0264875725151,1.14256206617904,0.334177219581032,0.000299332781868229,0.00139695380107594,"CTBP1"
"1303","ENSG00000173327",22.8123441853432,1.46999267050949,0.446508102966276,0.000331234984837015,0.00152928832075972,"MAP3K11"
"753","ENSG00000136158",13.1117504481174,1.94607255979573,0.625372954656825,0.000382865525836078,0.00174144504170662,"SPRY2"
"1537","ENSG00000189223",21.1800324513184,1.47796149937864,0.456441488321078,0.000400163575946835,0.00181474115940398,"PAX8-AS1"
"83","ENSG00000059804",23.3919835362633,1.41333100914915,0.435681714123983,0.000404388561826047,0.001831493978733,"SLC2A3"
"1408","ENSG00000181264",7.54265449429312,2.91256504630226,0.964222746276719,0.000406110564983246,0.00183868956586903,"TLCD5"
"710","ENSG00000133104",47.3238335050404,1.0330248788044,0.307171582977785,0.000409134066077898,0.00185116397110655,"SPART"
"1621","ENSG00000198642",46.3890100084738,1.03112553246949,0.306302424118544,0.00041015272201797,0.00185455686888859,"KLHL9"
"693","ENSG00000131941",13.4170980099947,1.85959938969603,0.598492053053289,0.000432231634878606,0.00194419705388682,"RHPN2"
"1067","ENSG00000161904",42.0845509240986,1.08633357496121,0.32584290683042,0.000433449699461843,0.00194777136195814,"LEMD2"
"1426","ENSG00000182809",14.0184926409404,1.87409895583995,0.608583464093979,0.000457122306113843,0.00204350107689376,"CRIP2"
"1554","ENSG00000196639",31.554020316309,1.2462133587908,0.382027961656365,0.000466743910696435,0.0020808570831636,"HRH1"
"1551","ENSG00000196517",14.5827925995971,1.68578762255271,0.541192309294784,0.000472275612547094,0.00210171023964847,"SLC6A9"
"1601","ENSG00000198169",19.1632419135556,1.54187618216065,0.488340738686417,0.000475807805932243,0.0021153826423534,"ZNF251"
"135","ENSG00000075407",13.0031970047991,1.77677801145534,0.57899445718975,0.000510211941419803,0.00225598359230801,"ZNF37A"
"1327","ENSG00000175029",27.2348674521153,1.25571814035812,0.390587387750999,0.00054243652634044,0.00238168121651227,"CTBP2"
"803","ENSG00000139624",19.2400727026901,1.49843718327294,0.481597513378933,0.000545091903025617,0.00239181820723482,"CERS5"
"632","ENSG00000128604",20.1466194777551,1.44587472561469,0.46020382610408,0.000564117602422397,0.0024682380828881,"IRF5"
"870","ENSG00000143847",5.62296067270821,3.45317722082846,1.22440341549762,0.000565544137286801,0.00247280671418022,"PPFIA4"
"689","ENSG00000131725",47.8691098029742,1.0046941163073,0.306453790938787,0.000576599685744392,0.00251170317653807,"WDR44"
"1360","ENSG00000177426",34.2416359138494,1.13247957142298,0.349993054665492,0.00058002401246432,0.00252422938253157,"TGIF1"
"597","ENSG00000125731",29.6308976007124,1.20687570373324,0.377871212135613,0.000615545668094378,0.00266286213783775,"SH2D3A"
"601","ENSG00000125850",10.385879431295,1.9973088054973,0.677327545612083,0.000626600248910533,0.00270644238966052,"OVOL2"
"1463","ENSG00000184489",5.03879537446659,4.08549017989024,1.57928763692667,0.000641891299071605,0.00276297564790647,"PTP4A3"
"1872","ENSG00000257086",19.9119681339649,1.50362114290145,0.489948556514392,0.000661318493338989,0.00283862992475211,NA
"434","ENSG00000112146",26.4506702715471,1.25506774649442,0.39801709875365,0.000672403735193325,0.00287994151013901,"FBXO9"
"1102","ENSG00000163577",11.8087927756848,1.9178358791348,0.651906153410361,0.000692702811126124,0.00295663346044663,"EIF5A2"
"196","ENSG00000090470",40.7195770124083,1.02386224341033,0.321986145785579,0.000793931542162442,0.00332410657822867,"PDCD7"
"1915","ENSG00000261150",36.5218854892125,1.0270012960832,0.32423089639169,0.000829092238687028,0.00345038386425844,"EPPK1"
"664","ENSG00000130762",21.7027861246093,1.43371719562189,0.475762042999036,0.000854467094270537,0.00354742656466108,"ARHGEF16"
"1018","ENSG00000158669",36.9488378980016,1.07300990160319,0.342141628745928,0.000868079595610057,0.00359960890006574,"GPAT4"
"510","ENSG00000118922",6.34637061012637,2.76718807165477,1.00770765135881,0.000899940672364847,0.00371498093886775,"KLF12"
"1665","ENSG00000204713",20.6861087169169,1.36086938840997,0.450009095861643,0.000905392105654363,0.00373413360969223,"TRIM27"
"1448","ENSG00000183889",7.33701156914248,2.55256077482067,0.926278587076247,0.00090809320262956,0.00374080184963819,NA
"2020","ENSG00000272449",28.7426749361415,1.30045530748913,0.429080252438817,0.000936182709065208,0.00384274877605588,NA
"756","ENSG00000136490",4.80309051851422,3.83595173094911,1.55141264558932,0.000950732128957369,0.00390014963722107,"LIMD2"
"873","ENSG00000144026",13.2120697821777,1.67152833435208,0.575702523945445,0.000957001777013601,0.00392353669720371,"ZNF514"
"894","ENSG00000145685",27.9785801477253,1.17732030785708,0.388155765216201,0.00108463544152584,0.00438814690502978,"LHFPL2"
"1138","ENSG00000164889",33.4172431740426,1.088043828422,0.355842673295115,0.00110553363101532,0.00446222992337276,"SLC4A2"
"233","ENSG00000100403",38.7020102290756,1.00428272310933,0.326222304366412,0.00114224820358701,0.004596974397638,"ZC3H7B"
"1020","ENSG00000158792",12.8682550075722,1.70485818945886,0.605241172644674,0.00117435116569258,0.0047083225120737,"SPATA2L"
"1121","ENSG00000164105",17.2418987182041,1.56683724485904,0.548466246108893,0.0012116094252185,0.00484503334338315,"SAP30"
"308","ENSG00000104687",24.1692192668406,1.20960416292628,0.404704796335557,0.00121367212844474,0.00485187583213714,"GSR"
"1312","ENSG00000173846",30.7045851734819,1.1767962378823,0.393503769348343,0.00124167621306075,0.00495378194282694,"PLK3"
"1247","ENSG00000170100",12.3952350751572,1.77142809203286,0.636000993708893,0.00128094352517806,0.00508691241653444,"ZNF778"
"1476","ENSG00000184995",7.13339833321966,2.50183245770005,0.978648098858173,0.00151765902394282,0.00591629788994657,"IFNE"
"77","ENSG00000055332",28.3376533403,1.12191198505435,0.380588761881978,0.00151868640793497,0.0059186310165215,"EIF2AK2"
"953","ENSG00000152256",7.93917949088446,2.07243817651178,0.792262944237957,0.00155038896946247,0.00602686416298089,"PDK1"
"721","ENSG00000134072",8.34333605487953,2.47726297236868,0.972194712161037,0.00156795943079548,0.00609001974246486,"CAMK1"
"1901","ENSG00000260565",7.06678598106242,2.30088055147874,0.894670042500915,0.00162197165552253,0.00627156313987417,NA
"167","ENSG00000083817",33.7283454019807,1.0744749863152,0.365160470599698,0.00164067612006627,0.00633855835859871,"ZNF416"
"1164","ENSG00000166188",14.8828954710223,1.57132455987808,0.57254523633706,0.00167038630154474,0.00643891926293783,"ZNF319"
"658","ENSG00000130684",35.2605058308688,1.04868901117203,0.356044107952122,0.00167353034505715,0.00644923729734394,"ZNF337"
"199","ENSG00000090905",30.699016710359,1.07730632071036,0.367896114278977,0.00171019291507217,0.00657583232878126,"TNRC6A"
"558","ENSG00000122863",18.8258970113986,1.31953301898859,0.467083758838065,0.00177883007416923,0.00680191381789708,"CHST3"
"1362","ENSG00000177459",6.01943196815684,2.48857812079973,1.01384972796158,0.00178063121609757,0.00680684509200733,"ERICH5"
"1626","ENSG00000198753",11.3377817283362,1.7794669348857,0.669642328883932,0.00179722951271759,0.00685889581734034,"PLXNB3"
"985","ENSG00000154917",7.05333206421882,2.27400223493373,0.89589685069662,0.00180491868678584,0.00688443280200236,"RAB6B"
"1355","ENSG00000177030",23.1044432641465,1.2208316967895,0.429425229625734,0.0018960879354485,0.00718649093907972,"DEAF1"
"105","ENSG00000067191",10.5898875292641,1.84355991540487,0.707033983612978,0.00197049338609568,0.00741446040820142,"CACNB1"
"733","ENSG00000134698",18.4757525226736,1.34065078180763,0.482523906332099,0.00198449726706049,0.00745401804176231,"AGO4"
"920","ENSG00000148297",28.7812774064517,1.11033354786524,0.38826209920939,0.00203884223992906,0.00763321294384726,"MED22"
"619","ENSG00000127663",16.3762236968114,1.38703143832512,0.504793281600384,0.00207849699891927,0.00775642471202973,"KDM4B"
"980","ENSG00000154370",24.8543856323429,1.19639141888801,0.424756960784297,0.00211058523708862,0.00785916790928843,"TRIM11"
"1508","ENSG00000187164",31.4353443004549,1.06359503194822,0.372963976155399,0.00222187459541536,0.00822695718184382,"SHTN1"
"912","ENSG00000147324",15.2818843050873,1.38983072156198,0.511486582062647,0.00224395963698148,0.00829315559462893,"MFHAS1"
"1518","ENSG00000188064",13.4104486408299,1.52901761997162,0.57968820354634,0.00237829089610309,0.00874045655558526,"WNT7B"
"416","ENSG00000111252",7.93897536157719,2.08201191664956,0.845955967129383,0.00245537672315643,0.00899739744544841,"SH2B3"
"1959","ENSG00000267680",14.4889869009349,1.47318799130254,0.560524314924021,0.00257294779276197,0.00937593861634941,"ZNF224"
"1725","ENSG00000225177",10.8963860344509,1.69978056215033,0.669536163052562,0.00258361103758373,0.00940982642350368,NA
"245","ENSG00000100889",30.3694284500823,1.0090441422589,0.35956441608392,0.00268775051082465,0.00975307837217463,"PCK2"
"1612","ENSG00000198466",18.6241497789171,1.30655690529286,0.486223715239059,0.00274485203923022,0.00992895364125217,"ZNF587"
"1023","ENSG00000158985",25.3658954583817,1.07542702357865,0.38796411076079,0.00276095536957966,0.00997413196340296,"CDC42SE2"
"1970","ENSG00000268471",11.1111028902788,1.81102986034188,0.732404562995846,0.00277255421661382,0.0100081737350957,"MIR4453HG"
"885","ENSG00000144791",10.7375328369216,1.60682939003154,0.630036699570621,0.00283172183286545,0.0101967264732864,"LIMD1"
"2043","ENSG00000273204",10.2046533189165,2.18276556317849,0.94181516690133,0.00288110890282408,0.0103512894712243,NA
"98","ENSG00000065911",34.75675206719,1.00804975517273,0.362282086390408,0.00289323936523856,0.0103867594277555,"MTHFD2"
"1969","ENSG00000268403",11.2585682444225,2.02700396355717,0.855224515330526,0.00294827234477284,0.010556865168102,"LOC644656"
"154","ENSG00000080561",34.3020184351971,1.06663927143943,0.388293565172634,0.00299486353276944,0.0107125756226589,"MID2"
"1233","ENSG00000169499",16.5610172239513,1.29880160244518,0.489916826021101,0.00301237310638427,0.0107724148401407,"PLEKHA2"
"2059","ENSG00000274383",13.0243920401824,1.64471310093367,0.661085175483716,0.00315886899664028,0.0112206929610388,NA
"730","ENSG00000134371",29.8709305722085,1.02749223252429,0.37458984192131,0.00320262927407326,0.011352757252045,"CDC73"
"1084","ENSG00000162769",8.40461878953901,1.89925568979929,0.796879097965162,0.00346494911662931,0.01217009361402,"FLVCR1"
"1706","ENSG00000215375",8.48973003594006,1.96329501448959,0.829944039661121,0.00349505623524221,0.0122571222481175,"MYL5"
"567","ENSG00000123384",21.6261703167747,1.12422593197064,0.421596788925634,0.00357423575654921,0.0125062001623679,"LRP1"
"751","ENSG00000136010",6.2985193652646,2.0613351216836,0.901326955855288,0.00357886592092659,0.0125192267956368,"ALDH1L2"
"1042","ENSG00000160293",20.304690935544,1.14802252051298,0.432445826954884,0.00359790058042008,0.0125730635628759,"VAV2"
"326","ENSG00000104998",6.08369112914362,2.16184420980907,0.952182437990439,0.00362573420253155,0.0126511079633212,"IL27RA"
"350","ENSG00000106086",22.7079304115855,1.16968051949089,0.443803052926103,0.00366793245792418,0.0127821888685236,"PLEKHA8"
"1072","ENSG00000162512",30.4266314721332,1.0150893193624,0.377546583820878,0.00381454069030012,0.0132262968658647,"SDC3"
"811","ENSG00000140398",5.6052034688299,2.3323972514127,1.04072499267194,0.00388967208666042,0.0134428937630638,"NEIL1"
"846","ENSG00000142279",7.25595514232154,2.01248009971369,0.870483423497046,0.00394365605913033,0.0136158252729544,"WTIP"
"1541","ENSG00000196116",20.7948645670821,1.15220971540322,0.440091717002498,0.00396031765879764,0.0136630959228519,"TDRD7"
"91","ENSG00000063587",6.20827947227237,2.18759022955221,0.972903417288077,0.00397156303871927,0.0136950449611009,"ZNF275"
"1420","ENSG00000182095",27.2619945956662,1.02613697441265,0.384367462578306,0.00398104816476285,0.0137243229262372,"TNRC18"
"273","ENSG00000102349",14.4210122552654,1.35109723934346,0.533745505954394,0.00400091896801164,0.0137824361550333,"KLF8"
"1623","ENSG00000198720",11.5350400571944,1.58815066821075,0.652626210274095,0.0040033893875988,0.013784125136942,"ANKRD13B"
"715","ENSG00000133731",21.4877168882235,1.14435296047241,0.439929749147218,0.00418471828593921,0.0143440418146948,"IMPA1"
"781","ENSG00000138031",15.8928991562484,1.28174551649536,0.505989091675814,0.00429445125829163,0.0146800662284926,"ADCY3"
"623","ENSG00000128191",28.1298816024268,1.00955155643394,0.381143280480846,0.00431054605129723,0.0147241424524509,"DGCR8"
"1436","ENSG00000183248",3.12726731134023,3.18839757458459,1.73460266790661,0.00433948128600407,0.0148083189285005,"PRR36"
"1874","ENSG00000257594",9.73240977710811,1.6823780051754,0.71561310507524,0.00441911402957968,0.0150502896367719,"GALNT4"
"2006","ENSG00000271533",5.96219318832496,2.27318714011177,1.06199740053841,0.00444216584352198,0.0151138778699712,NA
"1794","ENSG00000237950",4.45224147018379,2.90348437310406,1.36428132761845,0.00454477407418668,0.0153833412371293,NA
"183","ENSG00000087448",18.926281452285,1.18899216475774,0.466404142271837,0.00459222985813176,0.0155049307339213,"KLHL42"
"411","ENSG00000110697",20.2226399184251,1.16189779247627,0.454712591007739,0.00468013558274224,0.0157834484461982,"PITPNM1"
"613","ENSG00000127191",24.2722424080115,1.14713230719601,0.450755603607939,0.00479041704061005,0.0161199110364347,"TRAF2"
"204","ENSG00000094841",10.4357058087874,1.56736233561426,0.657766569626557,0.00482433255942514,0.0162221708869559,"UPRT"
"380","ENSG00000108448",8.70037298806785,1.63648209426041,0.705449059168369,0.00485468687884372,0.0162979916066247,"TRIM16L"
"1637","ENSG00000198915",6.53537697553823,2.07040476639233,0.955519592149267,0.00490615890796222,0.0164572175327853,"RASGEF1A"
"1213","ENSG00000168297",19.0547711268835,1.19768445712874,0.47502494317012,0.00493059353569909,0.0165231157825759,"PXK"
"1604","ENSG00000198286",9.33474071754584,1.63392567649323,0.700829094839179,0.00493682441859873,0.0165399798438122,"CARD11"
"731","ENSG00000134463",14.6656032547252,1.52647207883067,0.645646175858149,0.00502999723831745,0.0167991195277785,"ECHDC3"
"1846","ENSG00000253304",4.17421882281413,2.5593976884625,1.24386707325596,0.00502828999731654,0.0167991195277785,"TMEM200B"
"515","ENSG00000119599",11.4045573182042,1.5772686101706,0.675341203605733,0.00516469553122182,0.017153501403336,"DCAF4"
"760","ENSG00000136883",4.97123528937698,2.80362574159742,1.33855907395045,0.00518915481147111,0.0172305910486769,"KIF12"
"767","ENSG00000137218",4.3815039595458,2.86450267002783,1.39798075899654,0.00520695827369761,0.0172730827348623,"FRS3"
"1836","ENSG00000250742",10.2080445598288,1.75152046382395,0.780140810700851,0.00522119164258733,0.0173036610633298,"LINC02381"
"1516","ENSG00000187800",7.03018605569981,1.88384239944456,0.850954012506791,0.00530303626761013,0.0175369998785094,"PEAR1"
"643","ENSG00000129968",28.1007972360135,1.01207836925096,0.394045153035569,0.00540779180547773,0.0178406710293073,"ABHD17A"
"694","ENSG00000131943",11.0146078209435,1.48158171448666,0.630267540755026,0.00547910426907156,0.0180429260704631,"C19orf12"
"1615","ENSG00000198496",14.4818819883116,1.42226279800643,0.597017365492377,0.00548302505920053,0.0180430142481996,"NBR2"
"2125","ENSG00000281649",25.4610545203171,1.03664517647912,0.407540870847112,0.00564762379739503,0.0185012449974216,"EBLN3P"
"610","ENSG00000126870",11.8734039764192,1.43056779757348,0.604327691637374,0.00566599782776337,0.018537403988415,"DYNC2I1"
"791","ENSG00000138709",18.4614136877841,1.16370097402417,0.469366370773167,0.0057512097656891,0.01876724870336,"LARP1B"
"525","ENSG00000120254",26.7891743084011,1.0257945825403,0.40424480916436,0.00578046028217965,0.0188537820595791,"MTHFD1L"
"1792","ENSG00000237686",2.41670381444205,3.71709103424285,3.02618513701165,0.00593826776820979,0.0193091647505408,"SCIRT"
"1361","ENSG00000177427",22.9837858381313,1.12156051018473,0.451450217330504,0.00595809118115107,0.0193556744047949,"MIEF2"
"1510","ENSG00000187266",4.54808994473908,2.43657165490146,1.21469517591592,0.00609779346253334,0.0197395143755477,"EPOR"
"2047","ENSG00000273344",13.1396475370185,1.4266578573479,0.611474699096221,0.0061313616218604,0.0198295735602703,"PAXIP1-DT"
"838","ENSG00000141646",21.4300630502393,1.11131131526755,0.447467189409542,0.00613727580022958,0.0198440501506955,"SMAD4"
"414","ENSG00000110888",13.5326081615807,1.31352777949445,0.551503384948542,0.00621822425605035,0.020072864265145,"CAPRIN2"
"1924","ENSG00000261770",2.28467405013734,3.47920566860766,2.79722682111192,0.00631256806933479,0.0203156341783629,NA
"1073","ENSG00000162520",9.19529578797528,1.57565570428075,0.708596768738799,0.00654848936004715,0.0209965504574002,"SYNC"
"17","ENSG00000007038",9.11670285620664,1.67395063899458,0.760550769700451,0.00661279366653759,0.0211822205192281,"PRSS21"
"1207","ENSG00000168056",7.24916208366091,1.71490740194087,0.789462223881149,0.00661407160995316,0.0211822205192281,"LTBP3"
"35","ENSG00000011028",20.6001603361939,1.07745993716382,0.437442081770629,0.00667527542973192,0.0213485054299654,"MRC2"
"32","ENSG00000010803",17.0213057040101,1.25221562837946,0.526247459633186,0.00675010572450036,0.0215386508577043,"SCMH1"
"279","ENSG00000102781",6.10401728666979,1.85153914717085,0.891933557870632,0.00701841860574118,0.0222960812060839,"KATNAL1"
"685","ENSG00000131620",9.0538523318636,1.6172183786061,0.736269964904448,0.00705003200934085,0.0223810539979075,"ANO1"
"164","ENSG00000083290",9.58979180478572,1.47769709121039,0.658272135878971,0.00713352534707165,0.0225912118710135,"ULK2"
"1515","ENSG00000187678",25.7056224005996,1.00152563538536,0.405289389602867,0.00717327343078981,0.0226887860061653,"SPRY4"
"248","ENSG00000101004",4.47494358147836,2.31824982206843,1.17304227735126,0.00721844234946292,0.0228107406509247,"NINL"
"122","ENSG00000072195",5.87604175452737,2.08298664247875,1.02218448573681,0.00727339368763832,0.0229633568724339,"SPEG"
"1564","ENSG00000196867",6.7774865494348,1.85944897218462,0.888852864741663,0.0072832759759401,0.0229892974537908,"ZFP28"
"917","ENSG00000147852",11.3141142039686,1.38580013266529,0.608956576548445,0.00738548802318866,0.0232534188272881,"VLDLR"
"1278","ENSG00000171700",16.2057572257219,1.18047659272279,0.497459411118595,0.0074135344022685,0.0233310774803433,"RGS19"
"997","ENSG00000156232",25.6568305987034,1.01515622217631,0.414194637961954,0.0074500097592958,0.0234351800041673,"WHAMM"
"977","ENSG00000154277",4.95519145642232,2.13984649049021,1.1194431338118,0.00750784922818892,0.0235902366459488,"UCHL1"
"968","ENSG00000153395",21.4122062649662,1.02098888263273,0.417844173026495,0.00753930180576823,0.0236645627396978,"LPCAT1"
"1940","ENSG00000264290",6.68655138772349,2.19198698361393,1.17671566859016,0.00761104153643729,0.0238493127163566,NA
"1982","ENSG00000269834",4.70376299096704,2.27899770345913,1.16881290089972,0.00782085705094904,0.0243989645272771,"ZNF528-AS1"
"1031","ENSG00000159640",2.19073121287349,3.63583651986435,3.60384684779965,0.00793550299903497,0.024697776586983,"ACE"
"792","ENSG00000138769",3.11245637115861,2.79006747017623,1.77523303053498,0.00795590053626523,0.0247500963481651,"CDKL2"
"504","ENSG00000118369",12.914775716261,1.29246197535419,0.564467301662243,0.0080279818583887,0.024946216988463,"USP35"
"1016","ENSG00000158555",2.25351621659573,3.21105763756843,2.79966142578357,0.00809382575050366,0.0251225360676902,"GDPD5"
"911","ENSG00000147251",5.98879780300108,1.92665133258622,0.953781923217992,0.00814411221988083,0.0252558985695181,"DOCK11"
"1264","ENSG00000170921",19.0109284642394,1.12053417266783,0.472896008584248,0.00819728224042999,0.0253694763215819,"TANC2"
"1413","ENSG00000181588",19.9540101980982,1.09664648661722,0.46262836842118,0.00832819401172328,0.0257227120326278,"MEX3D"
"114","ENSG00000070444",17.5106068848617,1.11026255141665,0.471019131465906,0.00849488247899939,0.0261555953168656,"MNT"
"1356","ENSG00000177096",11.0563318725972,1.36773851984853,0.617617133497813,0.00870507953547339,0.0266955772421184,"PHETA2"
"553","ENSG00000122376",13.2720909711375,1.29797724784707,0.577222990418963,0.00878604755029085,0.0269020315495926,"SHLD2"
"267","ENSG00000102032",2.16222971349119,3.15140114412953,2.85321726185145,0.00881632194644534,0.0269707920330183,"RENBP"
"162","ENSG00000082512",2.17484131735086,3.10800678583471,2.77987253284312,0.00887585186928516,0.0271108357229161,"TRAF5"
"236","ENSG00000100532",9.86837922966144,1.45379658273758,0.671731165061861,0.00913057659806721,0.027796593217147,"CGRRF1"
"509","ENSG00000118804",16.7448229583705,1.16066929354357,0.505187704211679,0.00920357056979446,0.0279756109830757,"STBD1"
"549","ENSG00000121940",18.5244107048714,1.08313673233314,0.463295788513688,0.00920664178598616,0.0279787836702508,"CLCC1"
"916","ENSG00000147526",9.51588293752042,1.48761579159408,0.694666751512236,0.00928272809891124,0.0281480219215502,"TACC1"
"171","ENSG00000085185",14.0200940227283,1.26730158624569,0.565223200431639,0.00939592005427057,0.0284124521648658,"BCORL1"
"1231","ENSG00000169410",14.8888090339647,1.18575121393686,0.52123396141397,0.00947304666360094,0.0286119597193462,"PTPN9"
"1653","ENSG00000204363",3.15515877177342,3.1926861377608,4.82659787742211,0.00957968663167574,0.0288708616547554,"SPANXN5"
"1928","ENSG00000262160",17.7625058906495,1.1431423536503,0.499216471436303,0.00959527313515442,0.0288909577151023,NA
"1648","ENSG00000204186",8.39926904324852,1.62173912682328,0.786200720811172,0.00965169436711983,0.0290244894892686,"ZDBF2"
"1833","ENSG00000250133",1.98750740145035,3.06236853727803,2.93213639868339,0.00987219951414884,0.0295780185182922,"HOXC-AS2"
"638","ENSG00000129467",2.18123297551063,3.00896797737662,2.84854331938697,0.00996333927804527,0.0298251804852548,"ADCY4"
"2128","ENSG00000282936",4.47444255204918,2.06965195794016,1.13355220527947,0.0101498046722592,0.0302979243948035,"LOC122526780"
"1146","ENSG00000165410",13.5445956782906,1.2179226109558,0.548138410325619,0.0103537946538132,0.030833484294912,"CFL2"
"1503","ENSG00000186812",17.2346570720433,1.11429732120827,0.489045687323729,0.0104253046838962,0.0310129779344185,"ZNF397"
"560","ENSG00000122971",8.87435766306287,1.45467057557537,0.693948788520392,0.0105415102739845,0.0312979435845496,"ACADS"
"1041","ENSG00000160200",2.20266483872067,2.91101836529174,2.8010833049918,0.0106758910579359,0.031623229567992,"CBS"
"1399","ENSG00000180891",10.7168647569233,1.31667039248424,0.61073818923461,0.0108065541910464,0.0319542420905165,"CUEDC1"
"430","ENSG00000111962",9.75084614525691,1.37422806495066,0.647509987326416,0.0108386518221657,0.0320354241049233,"UST"
"1272","ENSG00000171316",20.3197286248468,1.02162900930873,0.444249643324768,0.0110355376493852,0.0325685242860385,"CHD7"
"1008","ENSG00000158079",11.0118395597717,1.29734327532642,0.601715268505731,0.0110484769749638,0.0325949641980513,"PTPDC1"
"2014","ENSG00000272183",2.61360286498307,2.90719023305405,3.02352882776377,0.0111728284164923,0.0329033359256495,NA
"2081","ENSG00000275484",4.13893347369884,1.02255886262152,1.94175521697874,0.0111820783506644,0.0329235505097437,NA
"232","ENSG00000100290",11.7663804822323,1.56408390612754,0.79624380404088,0.01138465024402,0.0334415013553589,"BIK"
"1341","ENSG00000176155",7.70576571544249,1.64524879343564,0.832762991446798,0.0113842325552944,0.0334415013553589,"CCDC57"
"1646","ENSG00000204086",3.3655087939262,2.86462883783354,4.14741984732037,0.011403881300256,0.0334766138999219,"RPA4"
"941","ENSG00000150961",18.1112222746191,1.06644444517588,0.474116667261889,0.0117894629941292,0.0344181487875995,"SEC24D"
"1670","ENSG00000205045",2.13527307120367,2.85861818832873,3.20938369357174,0.0120084449649426,0.0349465500877705,"SLFN12L"
"814","ENSG00000140406",10.1873922715269,1.35898745175716,0.653190842147898,0.0122334852128416,0.0355265353403228,"TLNRD1"
"1039","ENSG00000160190",4.18660594774772,2.11649534313383,1.21930307600074,0.0122810041705486,0.0356270459435716,"SLC37A1"
"464","ENSG00000115355",7.49094555725437,1.64928332651745,0.843869340397745,0.012301891870239,0.0356726429521536,"CCDC88A"
"90","ENSG00000063176",10.1927755738567,1.41171301888864,0.690213045704193,0.0125981150691537,0.0363787378016993,"SPHK2"
"1930","ENSG00000262246",14.4860859350078,1.18776201078623,0.549798072803909,0.0125973399609936,0.0363787378016993,"CORO7"
"38","ENSG00000012171",4.26716246886346,2.31006407041944,1.32374292468364,0.0126763205880545,0.0365586675266775,"SEMA3B"
"372","ENSG00000107560",16.7055367921475,1.14534848310365,0.526410062527987,0.0127950494429313,0.0368548700297334,"RAB11FIP2"
"1485","ENSG00000185513",5.75412289340973,1.86336787677833,1.01481010589465,0.0129065397761539,0.0371295077988168,"L3MBTL1"
"2072","ENSG00000275023",17.2353822225885,1.05354506009502,0.474709910783732,0.0129154123448987,0.0371472885284705,"MLLT6"
"1505","ENSG00000186891",7.71631405708989,1.62603042026638,0.873692969371898,0.0132141698411054,0.0378959982974344,"TNFRSF18"
"657","ENSG00000130589",16.2583274692557,1.0864842167935,0.496432780255898,0.0133345664398985,0.03817780433,"HELZ2"
"265","ENSG00000101986",4.93110792521298,2.01298760226763,1.13922636567432,0.0134475432340946,0.0384613671773068,"ABCD1"
"1999","ENSG00000270157",10.1031033999085,1.71966050042104,0.978521719475734,0.013476899068187,0.0385293571868615,NA
"407","ENSG00000110274",19.1015906626648,1.02521852400214,0.462915618591473,0.013567348814014,0.0387237670389643,"CEP164"
"1290","ENSG00000172732",15.4583300087014,1.08418133727017,0.498220331449158,0.013769729295461,0.0391879282898252,"MUS81"
"1946","ENSG00000266490",3.64397866614489,2.40621395706764,1.99231264350373,0.0138029148386854,0.0392661770302738,NA
"1314","ENSG00000173917",14.8030143850503,1.17038667006262,0.548910891108471,0.0138141690473125,0.0392900933332466,"HOXB2"
"1010","ENSG00000158163",1.98790066736593,2.6528209231817,3.2522830235581,0.0139092045379072,0.0395178739105555,"DZIP1L"
"427","ENSG00000111885",20.2857898193914,1.00761654989059,0.456552025556715,0.0140524376063662,0.0398609740941116,"MAN1A1"
"720","ENSG00000133985",16.1287366206048,1.107725478547,0.51501865201107,0.0141399088753742,0.0400679142669742,"TTC9"
"1437","ENSG00000183337",14.789890907596,1.14708618542845,0.537888104134128,0.0141806309173537,0.0401668117117163,"BCOR"
"1779","ENSG00000234771",3.98088819302168,2.03325442685286,1.20447311185347,0.014328472634894,0.040527346251596,NA
"14","ENSG00000006282",10.3407642426892,1.25482889576549,0.609584545723301,0.0146582509454451,0.041316148498191,"SPATA20"
"1781","ENSG00000234869",2.44125214963916,1.53019335150159,3.57622752026854,0.014675244889746,0.0413556012821104,NA
"1120","ENSG00000164088",4.34530805759403,1.81984132368947,1.065222312818,0.0148749559850838,0.0418329717942035,"PPM1M"
"1904","ENSG00000260751",8.32291578381835,1.79993308176224,1.06734963890541,0.0149196264709329,0.0419329623826626,NA
"854","ENSG00000142798",17.3893101728969,1.02331426243926,0.470373789589441,0.0149354521360445,0.0419688942124648,"HSPG2"
"174","ENSG00000085788",14.8645032820436,1.06383417626968,0.494640314021924,0.0149810931422562,0.0420714459428439,"DDHD2"
"1237","ENSG00000169871",12.819605127891,1.14757533001526,0.544627098921063,0.0150011879792772,0.0421021749265864,"TRIM56"
"1717","ENSG00000223685",5.05167165644098,2.01345600269355,1.21373145387088,0.0149987472318785,0.0421021749265864,"LINC00571"
"1891","ENSG00000259972",4.13245559639682,2.22208846267861,1.34059134585298,0.0150465846995614,0.042206521345095,NA
"2107","ENSG00000277602",7.11625144635076,2.37556013133187,1.87072827493392,0.0150475423925991,0.042206521345095,NA
"256","ENSG00000101290",14.3105552707953,1.09245180472916,0.512242561855494,0.0151312238305822,0.0424067605325008,"CDS2"
"1283","ENSG00000171992",11.1290573209245,1.24625470234739,0.607979014092158,0.015142913259332,0.0424226872226958,"SYNPO"
"209","ENSG00000095932",2.24805853938737,2.4823917423937,3.35147273509775,0.0152595303094477,0.042696982617676,"SMIM24"
"1319","ENSG00000174567",5.92661775668709,1.837092800216,1.06973441993813,0.0155626246125403,0.0434481528733676,"GOLT1A"
"330","ENSG00000105339",4.57211889543054,1.96907621951259,1.17036277823062,0.015592204471978,0.0434955370352327,"DENND3"
"563","ENSG00000123143",4.58689786354914,1.98706778157754,1.19733207106799,0.0155969085706937,0.043499866264263,"PKN1"
"593","ENSG00000125508",4.16269479367538,2.27022128342962,1.51416897926539,0.0156812096348813,0.0436996552829891,"SRMS"
"587","ENSG00000124839",1.67982114396431,2.48192426868031,3.09414443300489,0.0158126997082616,0.0440216372753702,"RAB17"
"1404","ENSG00000181027",16.9581029711718,1.08994180616283,0.515872377061395,0.015967897152861,0.0443820706363508,"FKRP"
"1527","ENSG00000188747",11.1404697302833,1.27601781815727,0.636524189489238,0.0159746418810003,0.044391876350746,"NOXA1"
"2062","ENSG00000274565",3.77222985207858,2.25546747633292,1.85997241500029,0.0159954390563408,0.0444407205511382,NA
"1150","ENSG00000165521",4.48088575233889,1.94263374695526,1.15127057955909,0.0161595023454659,0.0448423753001064,"EML5"
"1492","ENSG00000186026",9.78849416157422,1.3429664779344,0.686528362321806,0.0162591265930593,0.0450282855677742,"ZNF284"
"750","ENSG00000135976",2.55796594067925,2.25071581684874,1.81776381596145,0.0162677669630195,0.0450341392356408,"ANKRD36"
"1845","ENSG00000253251",11.8862082473129,1.26046047662963,0.629391492902318,0.0162783093245066,0.045054285735698,"SHLD3"
"1734","ENSG00000226419",4.04979371305881,1.95082519406343,1.18254555455965,0.0164861310940022,0.0455199297913626,"SLC16A1-AS1"
"398","ENSG00000109762",16.3953102518704,1.04724291800574,0.493906820212549,0.0165617816358909,0.0456648524625964,"SNX25"
"1370","ENSG00000178338",11.5613746244924,1.24744813388488,0.6225735293498,0.016560266809648,0.0456648524625964,"ZNF354B"
"965","ENSG00000153179",13.3795590889047,1.18521377272325,0.584425079895235,0.0167727284409547,0.0461266744689466,"RASSF3"
"1318","ENSG00000174292",15.6601160259134,1.06870823773801,0.509507976722195,0.0168839450492976,0.0463401833095279,"TNK1"
"1345","ENSG00000176401",2.75922924508562,2.23367178988758,1.94382164705645,0.0169442668076478,0.0464813013916865,"EID2B"
"2116","ENSG00000278600",8.71854196315675,1.46800438902556,0.788402668573519,0.0169467304205195,0.0464813013916865,NA
"1661","ENSG00000204524",7.79796030914415,1.4635017777882,0.779525240230179,0.017012721116807,0.0466472385082331,"ZNF805"
"991","ENSG00000155592",6.72455508635422,1.57643227616564,0.869733831288891,0.0172006355060569,0.0471063246643353,"ZKSCAN2"
"672","ENSG00000130921",9.78146042251,1.27411023462913,0.644926141857296,0.0172244362648292,0.0471527912030634,"MTRFR"
"2025","ENSG00000272619",3.33156849249726,1.29432119248156,2.49260087048488,0.0172765753415737,0.0472673948679059,NA
"884","ENSG00000144711",8.83021905490232,1.39187207247958,0.734848733582863,0.0173839650456506,0.0474952915521635,"IQSEC1"
"788","ENSG00000138613",11.1031312403423,1.24523666526927,0.631307402636162,0.0177972227603975,0.048410349680201,"APH1B"
"877","ENSG00000144214",6.9120277578973,1.79364371782754,1.13451858784605,0.0178746395764902,0.0485615095601759,"LYG1"
"1418","ENSG00000181982",4.56974622054135,1.89047141082969,1.14397118668081,0.0178713226119702,0.0485615095601759,"CCDC149"
"151","ENSG00000079308",3.21527844480757,2.16013800270712,1.42745083063939,0.0178992860838809,0.0485762336199718,"TNS1"
"439","ENSG00000112379",4.15206483431866,1.92410383260795,1.20102321335027,0.0178983373687694,0.0485762336199718,"ARFGEF3"
"475","ENSG00000115902",10.1190055923313,1.25391793117289,0.642122264585512,0.01813851062945,0.0491651936365014,"SLC1A4"
"128","ENSG00000073417",16.2003254984925,1.03236024221425,0.495744886437301,0.018409963567458,0.0497664049423938,"PDE8A"
"1184","ENSG00000167524",10.1212181371003,1.34269334896829,0.709733945732644,0.0184281703120812,0.0498058657083275,"RSKR"
