,baseMean,log2FoldChange,lfcSE,pvalue,padj
DDIT4,1053.049988,3.420497782,0.095587705,2.94E-281,1.85E-278
TXNRD1,240.6558654,3.743775923,0.172584391,3.80E-105,5.57E-103
SLC2A1,724.5972988,1.540415578,0.087699752,1.53E-69,1.32E-67
FTH1,987.4665147,1.363955007,0.086914304,6.15E-56,4.14E-54
XBP1,277.3214083,1.502808348,0.130485407,3.86E-31,1.44E-29
DSG2,141.9450041,2.098334684,0.184184392,1.03E-30,3.73E-29
SDC4,440.8027953,1.100705282,0.103737274,1.35E-26,4.23E-25
BHLHE40,353.5240835,1.130222959,0.109543406,3.02E-25,8.71E-24
VASP,171.4591488,1.660345002,0.175583084,9.69E-22,2.43E-20
GARS,336.7853245,1.085737985,0.118980612,3.72E-20,8.40E-19
SERPINE1,219.7075823,1.292521858,0.146544273,5.02E-19,1.08E-17
LRRFIP1,93.94349258,1.964244425,0.227637859,1.50E-18,3.15E-17
KRT8,52.29216016,2.767720339,0.328994002,6.64E-18,1.34E-16
TRIB3,112.8433965,1.61216085,0.21304007,1.18E-14,1.99E-13
CLDN7,66.86807708,2.214630701,0.295481487,1.29E-14,2.17E-13
KCTD11,110.539519,1.521469424,0.20395777,2.96E-14,4.83E-13
RALB,197.7597584,1.123441973,0.154785569,1.98E-13,3.04E-12
ADM,135.4112431,1.353968202,0.188383622,2.66E-13,4.05E-12
SLC7A5,239.9374046,1.055899473,0.14726596,4.55E-13,6.74E-12
CERS2,88.42182137,1.652787092,0.234714001,5.63E-13,8.31E-12
CMTM4,43.41031641,2.44845815,0.351212567,5.65E-13,8.33E-12
KIFC2,132.7409597,1.376396194,0.195017197,6.65E-13,9.74E-12
P4HA1,63.04015341,1.889195711,0.271810596,8.71E-13,1.25E-11
AGPAT2,84.26169248,1.684830051,0.243168106,1.23E-12,1.75E-11
KCTD9,131.3023396,1.323884066,0.190784105,1.64E-12,2.30E-11
ANKRD52,96.71287804,1.500601266,0.218599341,2.32E-12,3.22E-11
RCOR1,118.5113351,1.350458626,0.196890839,2.77E-12,3.82E-11
SLC38A1,191.8402636,1.071911154,0.155996563,3.40E-12,4.66E-11
DBN1,73.97603932,1.747094039,0.262142038,7.26E-12,9.65E-11
VEGFA,64.41051282,1.775883712,0.267751094,9.06E-12,1.19E-10
GFPT1,52.24134108,1.956355318,0.298745682,1.37E-11,1.78E-10
DGKQ,36.45500494,2.456190221,0.379920565,1.83E-11,2.35E-10
TES,139.0353959,1.185075415,0.181273657,2.97E-11,3.75E-10
PLOD2,25.71058571,2.960249661,0.475392972,7.37E-11,8.99E-10
DVL1,138.1053503,1.101623715,0.185472875,1.46E-09,1.59E-08
NRBP2,58.39204446,1.666829684,0.289904987,2.61E-09,2.78E-08
TSPAN17,68.75002178,1.492443133,0.258400897,2.67E-09,2.84E-08
PKD1,19.70287924,3.12838686,0.561540373,3.73E-09,3.93E-08
PPP3CC,46.57988083,1.798428499,0.318522723,4.34E-09,4.54E-08
LRRC42,123.923964,1.045176052,0.184833096,8.64E-09,8.79E-08
TMED5,51.11402066,1.653612303,0.300223773,1.09E-08,1.09E-07
PTP4A2,77.72446878,1.316284249,0.241657196,2.14E-08,2.05E-07
CTSZ,67.3604972,1.494860669,0.276918859,2.20E-08,2.11E-07
TPBG,61.7685691,1.415348831,0.262475957,2.59E-08,2.46E-07
PDLIM7,63.65752394,1.407161692,0.266981989,5.12E-08,4.65E-07
RASSF1,66.28410502,1.375498834,0.2617638,5.66E-08,5.12E-07
PPP1R26,29.67715895,2.076821211,0.406466856,6.98E-08,6.25E-07
SMARCA1,34.1362355,1.929628541,0.376497648,7.09E-08,6.34E-07
CDC42BPB,103.340673,1.025286988,0.200585524,1.80E-07,1.52E-06
KLF13,69.85599066,1.238143053,0.244764255,1.89E-07,1.59E-06
FAM241B,16.50087127,3.161351783,0.658877201,2.13E-07,1.79E-06
NOP14-AS1,24.52689816,2.20512931,0.453303137,2.21E-07,1.85E-06
HCCS,110.9153676,1.032100351,0.203919545,2.40E-07,1.99E-06
BNIP3,37.90264229,1.675952671,0.34035154,2.40E-07,1.99E-06
ZNF664,88.18147116,1.124912218,0.225704572,3.13E-07,2.54E-06
MED30,40.00495974,1.714866217,0.358338858,4.73E-07,3.75E-06
KXD1,85.32411951,1.156645287,0.237463628,5.39E-07,4.23E-06
VPS9D1,20.11504507,2.506346309,0.543109269,6.40E-07,4.96E-06
UBE2Q2,50.59505407,1.41839072,0.299836288,8.16E-07,6.20E-06
HUS1,48.83151699,1.466218523,0.310525958,8.25E-07,6.26E-06
ABCC3,23.37514892,2.071175994,0.45405453,1.06E-06,7.89E-06
AL391427.1,14.41644797,6.323403946,1.526692922,1.41E-06,1.03E-05
KRAS,63.32575345,1.185149494,0.256164921,1.75E-06,1.26E-05
FAM219A,52.24217749,1.302215035,0.283989138,1.87E-06,1.34E-05
AIFM2,10.96471835,3.515573125,0.81550288,2.47E-06,1.74E-05
CSGALNACT2,37.82305374,1.572438247,0.356076884,3.06E-06,2.13E-05
DBNDD2,84.15013464,1.075593205,0.23892657,3.54E-06,2.44E-05
INF2,32.57591994,1.606247066,0.371098284,4.48E-06,3.03E-05
TM4SF19,45.77177002,1.322805175,0.301174169,4.52E-06,3.05E-05
CASP3,75.85240097,1.05470245,0.237077782,4.63E-06,3.12E-05
ARFGAP3,63.61172617,1.225391663,0.281024754,5.78E-06,3.84E-05
SPIRE1,46.60449963,1.304672153,0.303991741,7.28E-06,4.76E-05
PAFAH1B2,55.36133666,1.212264012,0.281748903,7.61E-06,4.97E-05
CREB3,69.59749049,1.188280539,0.277625107,8.58E-06,5.53E-05
SELENOS,62.12139114,1.086601231,0.252151689,8.55E-06,5.53E-05
TP53I13,20.73404446,1.919882145,0.469140517,9.80E-06,6.25E-05
HSBP1L1,76.58987284,1.049550792,0.245038847,1.01E-05,6.39E-05
FUT2,29.11561452,1.691169165,0.411114643,1.05E-05,6.63E-05
ATP2B1,51.46635492,1.208471061,0.289049989,1.32E-05,8.24E-05
CDC42BPG,41.91902597,1.344976019,0.327031464,1.53E-05,9.44E-05
PCNX3,45.22214738,1.293941043,0.318089377,1.92E-05,0.000116495
LZTR1,32.21538686,1.487543375,0.373206561,2.23E-05,0.000133828
JDP2,9.350196563,3.126936093,0.82478597,2.38E-05,0.000142265
AC010327.4,15.45358903,2.402469474,0.63472736,2.51E-05,0.000148883
SNAPC2,29.8787504,1.496589132,0.38000182,2.69E-05,0.000158836
ITCH,63.73762868,1.074303954,0.268483399,3.31E-05,0.000191475
DOCK9,45.22177448,1.224664632,0.309046841,3.31E-05,0.000191684
CYSTM1,62.13267294,1.149805818,0.28911073,3.33E-05,0.000192859
PARP4,31.27188127,1.441891917,0.369820074,3.36E-05,0.000194188
SNCA,23.99500172,1.721141724,0.452663079,3.69E-05,0.00021101
KDM7A,45.51260326,1.214637146,0.309253024,3.85E-05,0.000219453
CELSR1,31.85501253,1.410772692,0.36415183,3.86E-05,0.000220015
MOAP1,63.45632021,1.082698338,0.273759626,3.93E-05,0.000223746
TMCO3,27.64610599,1.540967918,0.404864978,4.47E-05,0.000252554
MAN2A2,18.45448256,1.914540739,0.522582717,5.55E-05,0.000307903
FUT11,13.9864603,2.213718341,0.617327894,5.92E-05,0.000326797
NPEPL1,19.21551474,1.788958302,0.488662794,6.27E-05,0.000343776
KCTD15,40.69422044,1.260858288,0.332473862,6.31E-05,0.000345432
SMC5,29.79885158,1.462494949,0.391110696,6.33E-05,0.000346512
ENC1,32.6253809,1.381408849,0.367669757,6.38E-05,0.000348881
RAB11FIP3,28.21581264,1.53727149,0.414501616,6.51E-05,0.000355698
SIPA1,11.97017631,2.381848047,0.674616435,6.80E-05,0.000368461
ZNF282,48.87815119,1.113319467,0.29269456,7.17E-05,0.000387411
ATP9A,30.52945943,1.38320085,0.372003902,7.40E-05,0.000398313
RBAK,29.97723638,1.428049258,0.387351718,7.96E-05,0.000425495
TMEM263,18.83448142,1.812830461,0.512256774,9.61E-05,0.000504363
FAAH,9.95191492,2.546457935,0.74799326,9.75E-05,0.000511078
DLK2,12.81985345,2.288340458,0.671665788,0.000109426,0.000567058
RNF34,38.82423652,1.211244319,0.330548552,0.000110161,0.000570011
PYCR2,56.08420512,1.005663497,0.270793991,0.000114133,0.000588357
KDM3A,36.09344092,1.211597239,0.335092642,0.000133143,0.000674761
OSGIN2,28.31840361,1.380165874,0.388343892,0.000139011,0.000700639
SNHG3,38.44556804,1.210840521,0.337128635,0.000146423,0.000734243
CBFB,40.41934458,1.165740464,0.325445185,0.000160282,0.000798582
MIR210HG,22.52429524,1.696294009,0.498668777,0.000167727,0.0008326
SUN2,38.13522098,1.178666816,0.331589647,0.000174544,0.000863025
PDLIM2,30.60696583,1.32459423,0.377653052,0.000175466,0.000867272
MICA,51.92645249,1.097844957,0.307203039,0.000176376,0.000870838
CD276,32.13733231,1.305206418,0.37313637,0.000186077,0.000913828
AP001062.1,7.173240453,3.483290747,1.073315137,0.000193552,0.000946598
C1orf210,53.65295845,1.022553985,0.286201625,0.000193573,0.000946598
NOL4L,7.343839116,3.384262524,1.034030795,0.000197146,0.000961556
GAN,23.69941388,1.497592462,0.437287481,0.000197495,0.00096237
ATXN7,36.87882393,1.205168273,0.343728655,0.000204649,0.000994071
FAM169A,17.31331767,1.7577698,0.526548067,0.000211047,0.001021555
FPGS,31.16372258,1.356079376,0.393725631,0.000214607,0.001035155
ZMIZ2,36.6592866,1.212084178,0.349322205,0.000231804,0.001109505
TFB2M,43.4256394,1.155658393,0.331987355,0.000234659,0.001121681
BMP1,36.80229931,1.189053628,0.342738639,0.00023656,0.001129984
ITPRIPL2,14.18494547,1.870012312,0.572496706,0.000242257,0.001155201
ATP8B2,20.29008698,1.54747516,0.462057437,0.000247016,0.00117505
LAMA5,36.48242655,1.153519405,0.333754005,0.000257669,0.001221936
TRIM47,11.24836632,2.363855207,0.75109696,0.000258165,0.001223448
ZNF160,28.40315395,1.338489131,0.394410726,0.000265863,0.001255618
NACC2,18.02903873,1.680651854,0.511945248,0.000267408,0.001261188
SNX10,7.699770606,2.834422686,0.920684637,0.000271501,0.001278306
DENND6A,30.63918952,1.371974756,0.40739147,0.0002755,0.001295806
MOB3C,21.92419237,1.443194177,0.431932307,0.000280954,0.001319213
CTBP1,39.02648757,1.142562066,0.33417722,0.000299333,0.001396954
MAP3K11,22.81234419,1.469992671,0.446508103,0.000331235,0.001529288
SPRY2,13.11175045,1.94607256,0.625372955,0.000382866,0.001741445
PAX8-AS1,21.18003245,1.477961499,0.456441488,0.000400164,0.001814741
SLC2A3,23.39198354,1.413331009,0.435681714,0.000404389,0.001831494
TLCD5,7.542654494,2.912565046,0.964222746,0.000406111,0.00183869
SPART,47.32383351,1.033024879,0.307171583,0.000409134,0.001851164
KLHL9,46.38901001,1.031125532,0.306302424,0.000410153,0.001854557
RHPN2,13.41709801,1.85959939,0.598492053,0.000432232,0.001944197
LEMD2,42.08455092,1.086333575,0.325842907,0.00043345,0.001947771
CRIP2,14.01849264,1.874098956,0.608583464,0.000457122,0.002043501
HRH1,31.55402032,1.246213359,0.382027962,0.000466744,0.002080857
SLC6A9,14.5827926,1.685787623,0.541192309,0.000472276,0.00210171
ZNF251,19.16324191,1.541876182,0.488340739,0.000475808,0.002115383
ZNF37A,13.003197,1.776778011,0.578994457,0.000510212,0.002255984
CTBP2,27.23486745,1.25571814,0.390587388,0.000542437,0.002381681
CERS5,19.2400727,1.498437183,0.481597513,0.000545092,0.002391818
IRF5,20.14661948,1.445874726,0.460203826,0.000564118,0.002468238
PPFIA4,5.622960673,3.453177221,1.224403415,0.000565544,0.002472807
WDR44,47.8691098,1.004694116,0.306453791,0.0005766,0.002511703
TGIF1,34.24163591,1.132479571,0.349993055,0.000580024,0.002524229
SH2D3A,29.6308976,1.206875704,0.377871212,0.000615546,0.002662862
OVOL2,10.38587943,1.997308805,0.677327546,0.0006266,0.002706442
PTP4A3,5.038795374,4.08549018,1.579287637,0.000641891,0.002762976
AP001453.2,19.91196813,1.503621143,0.489948557,0.000661318,0.00283863
FBXO9,26.45067027,1.255067746,0.398017099,0.000672404,0.002879942
EIF5A2,11.80879278,1.917835879,0.651906153,0.000692703,0.002956633
PDCD7,40.71957701,1.023862243,0.321986146,0.000793932,0.003324107
EPPK1,36.52188549,1.027001296,0.324230896,0.000829092,0.003450384
ARHGEF16,21.70278612,1.433717196,0.475762043,0.000854467,0.003547427
GPAT4,36.9488379,1.073009902,0.342141629,0.00086808,0.003599609
KLF12,6.34637061,2.767188072,1.007707651,0.000899941,0.003714981
TRIM27,20.68610872,1.360869388,0.450009096,0.000905392,0.003734134
AC138969.1,7.337011569,2.552560775,0.926278587,0.000908093,0.003740802
AL139246.5,28.74267494,1.300455307,0.429080252,0.000936183,0.003842749
LIMD2,4.803090519,3.835951731,1.551412646,0.000950732,0.00390015
ZNF514,13.21206978,1.671528334,0.575702524,0.000957002,0.003923537
LHFPL2,27.97858015,1.177320308,0.388155765,0.001084635,0.004388147
SLC4A2,33.41724317,1.088043828,0.355842673,0.001105534,0.00446223
ZC3H7B,38.70201023,1.004282723,0.326222304,0.001142248,0.004596974
SPATA2L,12.86825501,1.704858189,0.605241173,0.001174351,0.004708323
SAP30,17.24189872,1.566837245,0.548466246,0.001211609,0.004845033
GSR,24.16921927,1.209604163,0.404704796,0.001213672,0.004851876
PLK3,30.70458517,1.176796238,0.393503769,0.001241676,0.004953782
ZNF778,12.39523508,1.771428092,0.636000994,0.001280944,0.005086912
IFNE,7.133398333,2.501832458,0.978648099,0.001517659,0.005916298
EIF2AK2,28.33765334,1.121911985,0.380588762,0.001518686,0.005918631
PDK1,7.939179491,2.072438177,0.792262944,0.001550389,0.006026864
CAMK1,8.343336055,2.477262972,0.972194712,0.001567959,0.00609002
ERVK13-1,7.066785981,2.300880551,0.894670043,0.001621972,0.006271563
ZNF416,33.7283454,1.074474986,0.365160471,0.001640676,0.006338558
ZNF319,14.88289547,1.57132456,0.572545236,0.001670386,0.006438919
ZNF337,35.26050583,1.048689011,0.356044108,0.00167353,0.006449237
TNRC6A,30.69901671,1.077306321,0.367896114,0.001710193,0.006575832
CHST3,18.82589701,1.319533019,0.467083759,0.00177883,0.006801914
ERICH5,6.019431968,2.488578121,1.013849728,0.001780631,0.006806845
PLXNB3,11.33778173,1.779466935,0.669642329,0.00179723,0.006858896
RAB6B,7.053332064,2.274002235,0.895896851,0.001804919,0.006884433
DEAF1,23.10444326,1.220831697,0.42942523,0.001896088,0.007186491
CACNB1,10.58988753,1.843559915,0.707033984,0.001970493,0.00741446
AGO4,18.47575252,1.340650782,0.482523906,0.001984497,0.007454018
MED22,28.78127741,1.110333548,0.388262099,0.002038842,0.007633213
KDM4B,16.3762237,1.387031438,0.504793282,0.002078497,0.007756425
TRIM11,24.85438563,1.196391419,0.424756961,0.002110585,0.007859168
SHTN1,31.4353443,1.063595032,0.372963976,0.002221875,0.008226957
MFHAS1,15.28188431,1.389830722,0.511486582,0.00224396,0.008293156
WNT7B,13.41044864,1.52901762,0.579688204,0.002378291,0.008740457
SH2B3,7.938975362,2.082011917,0.845955967,0.002455377,0.008997397
ZNF224,14.4889869,1.473187991,0.560524315,0.002572948,0.009375939
AL590617.2,10.89638603,1.699780562,0.669536163,0.002583611,0.009409826
PCK2,30.36942845,1.009044142,0.359564416,0.002687751,0.009753078
ZNF587,18.62414978,1.306556905,0.486223715,0.002744852,0.009928954
CDC42SE2,25.36589546,1.075427024,0.387964111,0.002760955,0.009974132
MIR4453HG,11.11110289,1.81102986,0.732404563,0.002772554,0.010008174
LIMD1,10.73753284,1.60682939,0.6300367,0.002831722,0.010196726
AC104506.1,10.20465332,2.182765563,0.941815167,0.002881109,0.010351289
MTHFD2,34.75675207,1.008049755,0.362282086,0.002893239,0.010386759
AC132192.2,11.25856824,2.027003964,0.855224515,0.002948272,0.010556865
MID2,34.30201844,1.066639271,0.388293565,0.002994864,0.010712576
PLEKHA2,16.56101722,1.298801602,0.489916826,0.003012373,0.010772415
AC103691.1,13.02439204,1.644713101,0.661085175,0.003158869,0.011220693
CDC73,29.87093057,1.027492233,0.374589842,0.003202629,0.011352757
FLVCR1,8.40461879,1.89925569,0.796879098,0.003464949,0.012170094
MYL5,8.489730036,1.963295014,0.82994404,0.003495056,0.012257122
LRP1,21.62617032,1.124225932,0.421596789,0.003574236,0.0125062
ALDH1L2,6.298519365,2.061335122,0.901326956,0.003578866,0.012519227
VAV2,20.30469094,1.148022521,0.432445827,0.003597901,0.012573064
IL27RA,6.083691129,2.16184421,0.952182438,0.003625734,0.012651108
PLEKHA8,22.70793041,1.169680519,0.443803053,0.003667932,0.012782189
SDC3,30.42663147,1.015089319,0.377546584,0.003814541,0.013226297
NEIL1,5.605203469,2.332397251,1.040724993,0.003889672,0.013442894
WTIP,7.255955142,2.0124801,0.870483423,0.003943656,0.013615825
TDRD7,20.79486457,1.152209715,0.440091717,0.003960318,0.013663096
ZNF275,6.208279472,2.18759023,0.972903417,0.003971563,0.013695045
TNRC18,27.2619946,1.026136974,0.384367463,0.003981048,0.013724323
KLF8,14.42101226,1.351097239,0.533745506,0.004000919,0.013782436
ANKRD13B,11.53504006,1.588150668,0.65262621,0.004003389,0.013784125
IMPA1,21.48771689,1.14435296,0.439929749,0.004184718,0.014344042
ADCY3,15.89289916,1.281745516,0.505989092,0.004294451,0.014680066
DGCR8,28.1298816,1.009551556,0.38114328,0.004310546,0.014724142
PRR36,3.127267311,3.188397575,1.734602668,0.004339481,0.014808319
GALNT4,9.732409777,1.682378005,0.715613105,0.004419114,0.01505029
Z83843.1,5.962193188,2.27318714,1.061997401,0.004442166,0.015113878
AL357079.1,4.45224147,2.903484373,1.364281328,0.004544774,0.015383341
KLHL42,18.92628145,1.188992165,0.466404142,0.00459223,0.015504931
PITPNM1,20.22263992,1.161897792,0.454712591,0.004680136,0.015783448
TRAF2,24.27224241,1.147132307,0.450755604,0.004790417,0.016119911
UPRT,10.43570581,1.567362336,0.65776657,0.004824333,0.016222171
TRIM16L,8.700372988,1.636482094,0.705449059,0.004854687,0.016297992
RASGEF1A,6.535376976,2.070404766,0.955519592,0.004906159,0.016457218
PXK,19.05477113,1.197684457,0.475024943,0.004930594,0.016523116
CARD11,9.334740718,1.633925676,0.700829095,0.004936824,0.01653998
ECHDC3,14.66560325,1.526472079,0.645646176,0.005029997,0.01679912
TMEM200B,4.174218823,2.559397688,1.243867073,0.00502829,0.01679912
DCAF4,11.40455732,1.57726861,0.675341204,0.005164696,0.017153501
KIF12,4.971235289,2.803625742,1.338559074,0.005189155,0.017230591
FRS3,4.38150396,2.86450267,1.397980759,0.005206958,0.017273083
LINC02381,10.20804456,1.751520464,0.780140811,0.005221192,0.017303661
PEAR1,7.030186056,1.883842399,0.850954013,0.005303036,0.017537
ABHD17A,28.10079724,1.012078369,0.394045153,0.005407792,0.017840671
C19orf12,11.01460782,1.481581714,0.630267541,0.005479104,0.018042926
NBR2,14.48188199,1.422262798,0.597017365,0.005483025,0.018043014
EBLN3P,25.46105452,1.036645176,0.407540871,0.005647624,0.018501245
WDR60,11.87340398,1.430567798,0.604327692,0.005665998,0.018537404
LARP1B,18.46141369,1.163700974,0.469366371,0.00575121,0.018767249
MTHFD1L,26.78917431,1.025794583,0.404244809,0.00578046,0.018853782
AL109615.3,2.416703814,3.717091034,3.026185137,0.005938268,0.019309165
MIEF2,22.98378584,1.12156051,0.451450217,0.005958091,0.019355674
EPOR,4.548089945,2.436571655,1.214695176,0.006097793,0.019739514
PAXIP1-AS1,13.13964754,1.426657857,0.611474699,0.006131362,0.019829574
SMAD4,21.43006305,1.111311315,0.447467189,0.006137276,0.01984405
CAPRIN2,13.53260816,1.313527779,0.551503385,0.006218224,0.020072864
AC006504.1,2.28467405,3.479205669,2.797226821,0.006312568,0.020315634
SYNC,9.195295788,1.575655704,0.708596769,0.006548489,0.02099655
PRSS21,9.116702856,1.673950639,0.76055077,0.006612794,0.021182221
LTBP3,7.249162084,1.714907402,0.789462224,0.006614072,0.021182221
MRC2,20.60016034,1.077459937,0.437442082,0.006675275,0.021348505
SCMH1,17.0213057,1.252215628,0.52624746,0.006750106,0.021538651
KATNAL1,6.104017287,1.851539147,0.891933558,0.007018419,0.022296081
ANO1,9.053852332,1.617218379,0.736269965,0.007050032,0.022381054
ULK2,9.589791805,1.477697091,0.658272136,0.007133525,0.022591212
SPRY4,25.7056224,1.001525635,0.40528939,0.007173273,0.022688786
NINL,4.474943581,2.318249822,1.173042277,0.007218442,0.022810741
SPEG,5.876041755,2.082986642,1.022184486,0.007273394,0.022963357
ZFP28,6.777486549,1.859448972,0.888852865,0.007283276,0.022989297
VLDLR,11.3141142,1.385800133,0.608956577,0.007385488,0.023253419
RGS19,16.20575723,1.180476593,0.497459411,0.007413534,0.023331077
WHAMM,25.6568306,1.015156222,0.414194638,0.00745001,0.02343518
UCHL1,4.955191456,2.13984649,1.119443134,0.007507849,0.023590237
LPCAT1,21.41220626,1.020988883,0.417844173,0.007539302,0.023664563
AC104564.3,6.686551388,2.191986984,1.176715669,0.007611042,0.023849313
ZNF528-AS1,4.703762991,2.278997703,1.168812901,0.007820857,0.024398965
ACE,2.190731213,3.63583652,3.603846848,0.007935503,0.024697777
CDKL2,3.112456371,2.79006747,1.775233031,0.007955901,0.024750096
USP35,12.91477572,1.292461975,0.564467302,0.008027982,0.024946217
GDPD5,2.253516217,3.211057638,2.799661426,0.008093826,0.025122536
DOCK11,5.988797803,1.926651333,0.953781923,0.008144112,0.025255899
TANC2,19.01092846,1.120534173,0.472896009,0.008197282,0.025369476
MEX3D,19.9540102,1.096646487,0.462628368,0.008328194,0.025722712
MNT,17.51060688,1.110262551,0.471019131,0.008494882,0.026155595
PHETA2,11.05633187,1.36773852,0.617617133,0.00870508,0.026695577
SHLD2,13.27209097,1.297977248,0.57722299,0.008786048,0.026902032
RENBP,2.162229713,3.151401144,2.853217262,0.008816322,0.026970792
TRAF5,2.174841317,3.108006786,2.779872533,0.008875852,0.027110836
CGRRF1,9.86837923,1.453796583,0.671731165,0.009130577,0.027796593
STBD1,16.74482296,1.160669294,0.505187704,0.009203571,0.027975611
CLCC1,18.5244107,1.083136732,0.463295789,0.009206642,0.027978784
TACC1,9.515882938,1.487615792,0.694666752,0.009282728,0.028148022
BCORL1,14.02009402,1.267301586,0.5652232,0.00939592,0.028412452
PTPN9,14.88880903,1.185751214,0.521233961,0.009473047,0.02861196
SPANXN5,3.155158772,3.192686138,4.826597877,0.009579687,0.028870862
AC020978.5,17.76250589,1.143142354,0.499216471,0.009595273,0.028890958
ZDBF2,8.399269043,1.621739127,0.786200721,0.009651694,0.029024489
HOXC-AS2,1.987507401,3.062368537,2.932136399,0.0098722,0.029578019
ADCY4,2.181232976,3.008967977,2.848543319,0.009963339,0.02982518
AC004706.3,4.474442552,2.069651958,1.133552205,0.010149805,0.030297924
CFL2,13.54459568,1.217922611,0.54813841,0.010353795,0.030833484
ZNF397,17.23465707,1.114297321,0.489045687,0.010425305,0.031012978
ACADS,8.874357663,1.454670576,0.693948789,0.01054151,0.031297944
CBS,2.202664839,2.911018365,2.801083305,0.010675891,0.03162323
CUEDC1,10.71686476,1.316670392,0.610738189,0.010806554,0.031954242
UST,9.750846145,1.374228065,0.647509987,0.010838652,0.032035424
CHD7,20.31972862,1.021629009,0.444249643,0.011035538,0.032568524
PTPDC1,11.01183956,1.297343275,0.601715269,0.011048477,0.032594964
AC005041.3,2.613602865,2.907190233,3.023528828,0.011172828,0.032903336
AP003419.3,4.138933474,1.022558863,1.941755217,0.011182078,0.032923551
BIK,11.76638048,1.564083906,0.796243804,0.01138465,0.033441501
CCDC57,7.705765715,1.645248793,0.832762991,0.011384233,0.033441501
RPA4,3.365508794,2.864628838,4.147419847,0.011403881,0.033476614
SEC24D,18.11122227,1.066444445,0.474116667,0.011789463,0.034418149
SLFN12L,2.135273071,2.858618188,3.209383694,0.012008445,0.03494655
TLNRD1,10.18739227,1.358987452,0.653190842,0.012233485,0.035526535
SLC37A1,4.186605948,2.116495343,1.219303076,0.012281004,0.035627046
CCDC88A,7.490945557,1.649283327,0.84386934,0.012301892,0.035672643
SPHK2,10.19277557,1.411713019,0.690213046,0.012598115,0.036378738
CORO7,14.48608594,1.187762011,0.549798073,0.01259734,0.036378738
SEMA3B,4.267162469,2.31006407,1.323742925,0.012676321,0.036558668
RAB11FIP2,16.70553679,1.145348483,0.526410063,0.012795049,0.03685487
L3MBTL1,5.754122893,1.863367877,1.014810106,0.01290654,0.037129508
MLLT6,17.23538222,1.05354506,0.474709911,0.012915412,0.037147289
TNFRSF18,7.716314057,1.62603042,0.873692969,0.01321417,0.037895998
HELZ2,16.25832747,1.086484217,0.49643278,0.013334566,0.038177804
ABCD1,4.931107925,2.012987602,1.139226366,0.013447543,0.038461367
AC004918.4,10.1031034,1.7196605,0.978521719,0.013476899,0.038529357
CEP164,19.10159066,1.025218524,0.462915619,0.013567349,0.038723767
MUS81,15.45833001,1.084181337,0.498220331,0.013769729,0.039187928
AC127024.5,3.643978666,2.406213957,1.992312644,0.013802915,0.039266177
HOXB2,14.80301439,1.17038667,0.548910891,0.013814169,0.039290093
DZIP1L,1.987900667,2.652820923,3.252283024,0.013909205,0.039517874
MAN1A1,20.28578982,1.00761655,0.456552026,0.014052438,0.039860974
TTC9,16.12873662,1.107725479,0.515018652,0.014139909,0.040067914
BCOR,14.78989091,1.147086185,0.537888104,0.014180631,0.040166812
SLC25A25-AS1,3.980888193,2.033254427,1.204473112,0.014328473,0.040527346
SPATA20,10.34076424,1.254828896,0.609584546,0.014658251,0.041316148
AL021392.1,2.44125215,1.530193352,3.57622752,0.014675245,0.041355601
PPM1M,4.345308058,1.819841324,1.065222313,0.014874956,0.041832972
AC008870.2,8.322915784,1.799933082,1.067349639,0.014919626,0.041932962
HSPG2,17.38931017,1.023314262,0.47037379,0.014935452,0.041968894
DDHD2,14.86450328,1.063834176,0.494640314,0.014981093,0.042071446
TRIM56,12.81960513,1.14757533,0.544627099,0.015001188,0.042102175
LINC00571,5.051671656,2.013456003,1.213731454,0.014998747,0.042102175
AC009120.2,4.132455596,2.222088463,1.340591346,0.015046585,0.042206521
AC005363.2,7.116251446,2.375560131,1.870728275,0.015047542,0.042206521
CDS2,14.31055527,1.092451805,0.512242562,0.015131224,0.042406761
SYNPO,11.12905732,1.246254702,0.607979014,0.015142913,0.042422687
SMIM24,2.248058539,2.482391742,3.351472735,0.01525953,0.042696983
GOLT1A,5.926617757,1.8370928,1.06973442,0.015562625,0.043448153
DENND3,4.572118895,1.96907622,1.170362778,0.015592204,0.043495537
PKN1,4.586897864,1.987067782,1.197332071,0.015596909,0.043499866
SRMS,4.162694794,2.270221283,1.514168979,0.01568121,0.043699655
RAB17,1.679821144,2.481924269,3.094144433,0.0158127,0.044021637
FKRP,16.95810297,1.089941806,0.515872377,0.015967897,0.044382071
NOXA1,11.14046973,1.276017818,0.636524189,0.015974642,0.044391876
AC080038.1,3.772229852,2.255467476,1.859972415,0.015995439,0.044440721
EML5,4.480885752,1.942633747,1.15127058,0.016159502,0.044842375
ZNF284,9.788494162,1.342966478,0.686528362,0.016259127,0.045028286
ANKRD36,2.557965941,2.250715817,1.817763816,0.016267767,0.045034139
SHLD3,11.88620825,1.260460477,0.629391493,0.016278309,0.045054286
SLC16A1-AS1,4.049793713,1.950825194,1.182545555,0.016486131,0.04551993
SNX25,16.39531025,1.047242918,0.49390682,0.016561782,0.045664852
ZNF354B,11.56137462,1.247448134,0.622573529,0.016560267,0.045664852
RASSF3,13.37955909,1.185213773,0.58442508,0.016772728,0.046126674
TNK1,15.66011603,1.068708238,0.509507977,0.016883945,0.046340183
EID2B,2.759229245,2.23367179,1.943821647,0.016944267,0.046481301
AC015871.4,8.718541963,1.468004389,0.788402669,0.01694673,0.046481301
ZNF805,7.797960309,1.463501778,0.77952524,0.017012721,0.046647239
ZKSCAN2,6.724555086,1.576432276,0.869733831,0.017200636,0.047106325
C12orf65,9.781460423,1.274110235,0.644926142,0.017224436,0.047152791
AC093673.2,3.331568492,1.294321192,2.49260087,0.017276575,0.047267395
IQSEC1,8.830219055,1.391872072,0.734848734,0.017383965,0.047495292
APH1B,11.10313124,1.245236665,0.631307403,0.017797223,0.04841035
LYG1,6.912027758,1.793643718,1.134518588,0.01787464,0.04856151
CCDC149,4.569746221,1.890471411,1.143971187,0.017871323,0.04856151
TNS1,3.215278445,2.160138003,1.427450831,0.017899286,0.048576234
ARFGEF3,4.152064834,1.924103833,1.201023213,0.017898337,0.048576234
SLC1A4,10.11900559,1.253917931,0.642122265,0.018138511,0.049165194
PDE8A,16.2003255,1.032360242,0.495744886,0.018409964,0.049766405
RSKR,10.12121814,1.342693349,0.709733946,0.01842817,0.049805866
WDR54,5.226631629,-1.716777413,0.974302225,0.013761039,0.039171274
TSPAN9,14.30596043,-1.097777887,0.537540224,0.017975477,0.048754241
POLA2,3.039529235,-2.339056029,1.5026819,0.011138511,0.032816281
CLCA4,11.22330074,-3.643051457,0.906830116,1.10E-05,6.95E-05
CYP24A1,5.419994244,-2.11789452,1.244389645,0.012641903,0.036475459
RNASET2,2.887806832,-2.750830531,1.651989317,0.008474795,0.026122889
KITLG,8.340874234,-1.676600062,0.76115826,0.006016627,0.019508799
FNIP2,25.76014731,-1.063407667,0.385810718,0.002873481,0.010329262
MPC1,39.85625344,-1.363504311,0.356400547,4.72E-05,0.000265506
RPL18,345.2124507,-1.850670338,0.123554045,2.47E-51,1.50E-49
ATP2C2,5.650602059,-2.355999272,1.048151318,0.003269768,0.01156995
NTHL1,3.992219863,-2.231204467,1.277330818,0.009137009,0.027810041
OAT,114.9030928,-1.22191538,0.199527828,4.12E-10,4.72E-09
WDR18,32.61437571,-1.002897795,0.344912654,0.001934309,0.00729928
MCM10,2.722279548,-2.71408145,1.833604015,0.009175281,0.027895765
COL17A1,412.4694691,-1.96877789,0.109582721,8.30E-73,7.54E-71
YBX1,380.0638002,-1.211529865,0.10974371,1.08E-28,3.64E-27
ASPM,3.561804747,-2.052538855,1.285575063,0.01515136,0.042437337
PABPC1,454.6111917,-1.395569488,0.103223435,4.50E-42,2.26E-40
TESK2,10.70623641,-1.716306795,0.723211673,0.003879133,0.01341655
TRIP13,10.30122582,-1.921303468,0.699779039,0.00111945,0.004513118
ATP6AP1,51.3506581,-1.045449619,0.286416424,0.000136304,0.000689012
SMC1A,21.74709066,-1.119516728,0.42917116,0.004126311,0.014150868
HMMR,4.846554955,-2.168856182,1.136547386,0.007864228,0.024509112
XRCC1,15.77891783,-1.282590157,0.520198894,0.004995305,0.016711567
SCARB1,13.48873106,-1.170384899,0.539130833,0.012101817,0.035188596
DHRS9,63.39949193,-1.18783787,0.302850911,3.97E-05,0.000225609
LMAN1,58.9002278,-1.068518332,0.279682081,6.79E-05,0.000368461
SEMA3C,38.36444647,-1.670859906,0.329820553,1.12E-07,9.73E-07
WDR62,6.707695418,-1.504383964,0.82297777,0.016529892,0.045595145
REXO2,75.96793456,-1.240819995,0.241069939,1.13E-07,9.85E-07
FBLN1,4.043888482,-2.999521972,1.314546172,0.002289797,0.008451244
EDN1,11.3966794,-2.600547604,0.750714802,7.40E-05,0.000398313
NDC80,3.091834447,-2.0257484,1.448375166,0.018180751,0.049233587
HAL,5.952542455,-2.762783764,1.113718607,0.001581698,0.006133024
PIGS,13.83769918,-1.356733142,0.549941792,0.004546973,0.015387009
PSMC5,73.06301628,-1.209862249,0.237116507,1.51E-07,1.28E-06
TFAP2C,24.93151474,-1.18423657,0.417416674,0.001931253,0.007291735
AURKA,9.502013798,-2.157863191,0.749647868,0.000643114,0.002767374
TPX2,28.99101526,-1.131678158,0.39190455,0.001758984,0.0067409
SLC15A1,3.447163362,-2.162547782,1.361168743,0.013314704,0.03813676
BIRC5,5.117626584,-4.82778078,1.531704131,9.38E-05,0.000493689
KIF4A,3.555396642,-2.267898968,1.247919104,0.007992782,0.024842432
NAT14,6.114351865,-1.802976909,0.991325027,0.011198933,0.032952085
TMEM101,16.16693092,-1.140017316,0.475072341,0.007086764,0.022471817
CCDC80,3.779160257,-1.896737409,1.116610696,0.012787991,0.036842228
PSME1,59.00547611,-1.975073203,0.283420544,7.03E-13,1.02E-11
MYL6,581.3901901,-1.062868944,0.091360462,1.48E-31,5.66E-30
CDC23,34.94339841,-1.342356163,0.354952142,5.79E-05,0.000320681
TECR,93.53643855,-1.324569629,0.244456539,2.41E-08,2.29E-07
POLR2F,10.32494926,-1.359421471,0.610122551,0.00815861,0.025278135
TIMP3,8.724936778,-1.66846169,0.757035743,0.006143482,0.019859463
AP1B1,73.47251774,-1.077603375,0.242173722,4.43E-06,3.00E-05
MCM5,4.052000521,-1.96770465,1.11577555,0.010693997,0.031662124
SYNGR1,3.770855606,-1.813031093,1.123143877,0.015949309,0.044361147
ACO2,93.07864383,-1.186643572,0.219933902,3.15E-08,2.95E-07
CDKN3,4.85924171,-2.049376083,1.19944262,0.010443517,0.031047077
DAAM1,32.83598155,-1.467516745,0.352815993,1.05E-05,6.66E-05
HIF1A,231.1667606,-1.025051181,0.133344906,8.29E-15,1.41E-13
PSME2,71.14730796,-1.422399127,0.281846636,1.64E-07,1.39E-06
MYBL2,9.95519569,-2.627598643,0.797162791,0.000131619,0.000667528
TM9SF4,48.84159825,-1.355452534,0.293496145,1.46E-06,1.07E-05
IDH3B,84.22964244,-1.237215398,0.238712255,9.51E-08,8.36E-07
GDPD3,39.1326598,-1.019454547,0.345516874,0.001656157,0.006389424
MT4,3.788532275,-3.622877963,3.626916923,0.0082036,0.025377645
COTL1,28.73116477,-1.895838907,0.396589712,3.89E-07,3.11E-06
QPRT,5.190590991,-4.054029095,1.358061972,0.000391194,0.001775815
VPS35L,15.94088882,-1.154688929,0.555385939,0.015655661,0.043637271
CTSH,3.533438467,-2.030209213,1.236764884,0.013084192,0.037577908
CEMIP,9.15591953,-2.552323128,0.804426471,0.000217592,0.001046991
TGM5,2.704726593,-3.147235824,1.806719042,0.005017198,0.016772609
NUCB1,54.44102218,-2.171160267,0.316809203,1.36E-12,1.93E-11
OLFM2,45.67600547,-1.116971634,0.338272609,0.000456246,0.002040907
CNFN,559.6957332,-1.717754922,0.150112813,6.00E-31,2.20E-29
TMEM205,103.7587053,-1.223765294,0.254221137,6.59E-07,5.08E-06
WDR83OS,230.7609723,-1.47707152,0.185174942,5.13E-16,9.37E-15
DLX5,17.86386809,-1.977683911,0.583617933,0.000130952,0.000664633
GSDME,19.7535887,-1.223861174,0.4535156,0.002796864,0.010090299
CHCHD2,335.5504338,-1.591962218,0.140325974,2.54E-30,9.02E-29
PSMA2,53.96930167,-1.33808643,0.287230995,1.22E-06,9.01E-06
MAP3K8,15.3042171,-1.169600565,0.563040924,0.014997033,0.042102175
DKK1,22.92258571,-2.26967081,0.506215613,1.27E-06,9.37E-06
KRT23,196.1861019,-2.325895748,0.198890664,2.35E-32,9.16E-31
RUNDC3A,8.092974447,-1.760027929,0.757668756,0.004181145,0.014335353
MTMR4,16.0752245,-1.106603349,0.480923067,0.009519096,0.028707063
DHX40,17.72963566,-1.036874216,0.494529991,0.017260818,0.047233649
BLMH,31.03193111,-1.846850819,0.400691752,9.42E-07,7.10E-06
HDAC5,44.66728777,-1.39987283,0.308027008,1.98E-06,1.41E-05
INPP4B,7.436930037,-2.59563884,0.839846794,0.000266206,0.001256804
GAB1,14.71002964,-1.4096689,0.514183126,0.001953451,0.007365471
NCAPG,4.961495037,-3.081687148,1.242812037,0.001492362,0.005832509
CRYAB,813.7484264,-1.075511568,0.09873663,5.66E-28,1.86E-26
COMMD9,9.230089437,-1.905964913,0.72895666,0.001669734,0.006438203
CD81,119.2705396,-1.046762265,0.189776593,1.86E-08,1.81E-07
FOXM1,4.129521227,-2.905928005,1.229209408,0.002152724,0.007994509
COPZ1,93.80249182,-1.261227883,0.220711238,4.66E-09,4.85E-08
C12orf57,55.10282053,-1.225694921,0.316615874,4.66E-05,0.000262771
COX6A1,158.870291,-1.399900045,0.188582159,4.20E-14,6.79E-13
PPARD,79.70508478,-1.395993315,0.23260499,7.20E-10,8.12E-09
GMNN,9.363262648,-2.486087765,0.817352083,0.00029979,0.001397864
COX7A2,159.3917747,-1.337102314,0.17485611,8.14E-15,1.39E-13
KIF20A,4.409883332,-2.786504036,1.444564259,0.004751444,0.016008925
RBP1,2.603662116,-5.622330943,2.937255868,0.000532003,0.002338789
BCHE,1.867663959,-1.165708466,2.301688614,0.012185128,0.035401004
C3orf14,3.761342241,-1.72491609,1.095088003,0.018324646,0.049545478
IL1A,229.4267961,-1.70651281,0.166586428,3.63E-25,1.04E-23
NCL,262.3005754,-1.298388981,0.128781697,2.64E-24,7.28E-23
PPP1R7,60.56193084,-1.32746383,0.276996919,6.47E-07,5.01E-06
RND3,122.4609693,-1.299478788,0.191246802,4.52E-12,6.12E-11
ATP5PB,105.2524875,-1.697656649,0.224661599,1.13E-14,1.92E-13
NCF2,8.075092492,-2.555593866,0.920637915,0.000663268,0.002845228
RGS2,61.43038091,-2.817782122,0.321872604,3.25E-19,7.10E-18
MYCL,6.96386619,-2.084860976,0.84449967,0.00211412,0.007868084
SIPA1L2,18.72408277,-1.718076971,0.525123557,0.000266967,0.001259536
CDC20,25.79669034,-1.821017204,0.467552452,2.20E-05,0.00013243
ABCD3,20.26802768,-1.132374803,0.465416927,0.006550332,0.020997579
STMN1,16.57005533,-1.190750809,0.506383835,0.007519296,0.023615449
CENPF,7.181893626,-2.275729701,0.912961666,0.001958989,0.007382318
NRP2,3.544794014,-2.21298347,1.229799069,0.008710949,0.026707643
SGK1,42.69631102,-1.289630285,0.342110691,6.55E-05,0.000357512
ARG1,21.6693362,-1.909387625,0.587082162,0.000233911,0.001118493
C1orf198,23.45835134,-1.183480534,0.414043022,0.001817612,0.006925853
LTBP2,10.17980503,-1.683930865,0.671168797,0.002797499,0.010090299
MSX2,14.65681713,-1.108137438,0.515885239,0.013776234,0.039198358
ARL4A,21.4725175,-1.073056787,0.452385912,0.008354951,0.025788041
PFDN5,137.3154987,-1.124167798,0.179691784,1.96E-10,2.31E-09
HJURP,3.014720898,-3.64232181,1.878959808,0.002763593,0.009981049
MCEE,9.79929016,-1.922533962,0.942702912,0.006073065,0.019673309
RPS10,29.04561066,-1.567035363,0.398891923,2.51E-05,0.000148883
MT2A,725.56128,-1.969428476,0.117398677,8.03E-64,6.41E-62
TNFSF9,35.48663029,-1.39737703,0.390065206,0.000118427,0.000607546
TGM3,5.642779647,-3.110713324,1.08431976,0.000490372,0.002176627
MGME1,34.6933487,-1.508793915,0.370857168,1.46E-05,9.04E-05
ERGIC3,75.95922563,-1.023515305,0.272044565,9.07E-05,0.000480082
DLGAP5,4.571471887,-2.765225513,1.263012771,0.002750178,0.009943008
BCL11B,4.022426924,-1.688387658,1.024286684,0.017616199,0.048034686
HAT1,18.60467996,-1.007231052,0.465949368,0.015425281,0.04309959
CD68,72.05749552,-1.452604628,0.272624453,3.39E-08,3.15E-07
MPDU1,50.10855704,-1.336243497,0.300268568,3.31E-06,2.29E-05
SLC44A2,70.34707933,-1.389592046,0.241437211,3.20E-09,3.39E-08
RPS4Y1,315.4351051,-1.425424457,0.148890233,3.72E-22,9.57E-21
FAM155B,6.196418508,-1.493841583,0.839381319,0.017647705,0.048101586
TNNI2,6.973131678,-4.967354523,1.487120146,4.84E-05,0.000271539
CHMP2A,148.5197392,-1.145093747,0.172013839,1.41E-11,1.82E-10
TMEM160,13.96691002,-1.681495596,0.819162885,0.007685051,0.024043008
ACSS2,31.67553872,-1.212451338,0.368089695,0.000417709,0.001885019
COX4I1,117.9959135,-1.116529179,0.191379188,2.70E-09,2.87E-08
COX7B,120.5187653,-1.363199979,0.20996401,3.21E-11,4.05E-10
GJA9,1.991478446,-2.323995898,2.094432944,0.015421552,0.043097898
COQ3,25.45500208,-1.406654418,0.450566373,0.000597987,0.002596671
PDZD2,11.8405844,-1.477018252,0.598079848,0.003911218,0.013510591
CCNB1,34.18514603,-2.684593035,0.396050434,1.83E-12,2.55E-11
EMC7,102.2913171,-1.368703448,0.246769805,1.09E-08,1.09E-07
GRHL1,115.774779,-1.733399076,0.194872933,1.58E-19,3.52E-18
FST,21.51954352,-2.404934922,0.519860437,5.87E-07,4.58E-06
TCN1,4.587839452,-3.180277473,1.430292913,0.003082482,0.010988955
OASL,20.65952701,-1.756696805,0.554537608,0.000372515,0.001698287
NT5E,17.80192981,-1.549835425,0.508462595,0.000653052,0.002805765
EHF,133.7802381,-1.789242368,0.219850543,1.05E-16,2.00E-15
OS9,90.09017496,-1.178929282,0.229540932,1.30E-07,1.12E-06
MRPS9,46.40245266,-1.026417912,0.313026508,0.000546378,0.002396699
LMO7,13.16240127,-1.657564928,0.570366366,0.000914342,0.003764297
GALNT5,2.034931995,-4.762696249,3.075735156,0.002321949,0.008563042
IL1F10,6.967065342,-2.238672501,0.999750307,0.003469962,0.012184599
DCTN3,41.01789996,-1.250277975,0.331006944,6.55E-05,0.000357431
TUBB2A,174.1568125,-1.393593431,0.181130009,5.27E-15,9.07E-14
DDX60,5.108930613,-2.117877531,1.000009917,0.005029192,0.01679912
SORL1,6.714140662,-1.518726004,0.810907541,0.01496571,0.042036801
THBS1,99.62024937,-2.628866139,0.242460773,3.60E-28,1.19E-26
IFI44,21.71894993,-1.889240071,0.636728507,0.000614672,0.002659918
SLC44A5,3.697297615,-1.858769027,1.142257861,0.01474446,0.04151674
HADHB,85.5704494,-1.751065051,0.227142019,3.36E-15,5.86E-14
KIF11,4.38417337,-2.72901755,1.143701486,0.001965174,0.007399562
CEP55,6.649574025,-5.160597801,1.500167625,3.15E-05,0.000183093
ZNF365,19.8053263,-1.332327732,0.520320155,0.003622035,0.012641396
B4GALNT3,40.26939907,-1.067461541,0.315651957,0.000364569,0.001664811
GLIPR1,2.598340864,-2.445720505,1.582326769,0.012601914,0.036382093
SNRPF,37.58237968,-1.013021811,0.338921847,0.001471908,0.005760729
C12orf10,27.45531859,-1.354737675,0.427316591,0.000548468,0.002402048
DIAPH3,5.537116008,-1.641180252,0.958686672,0.01794046,0.048668832
SERF2,121.1819497,-1.491131941,0.194887261,6.88E-15,1.18E-13
SCAMP2,101.6627352,-1.113366368,0.211878161,7.30E-08,6.50E-07
FANCI,5.445329571,-1.54434662,0.852133736,0.015746107,0.043871648
CBX4,37.57683305,-1.274258813,0.333734724,5.39E-05,0.000299893
MIEN1,59.15011126,-1.055515865,0.296507995,0.000190163,0.000931575
TMEM50B,18.8830365,-1.281697466,0.503967803,0.0040019,0.013782436
PSMB6,217.1949522,-1.149097968,0.143565496,5.82E-16,1.06E-14
KIF2C,6.625029536,-1.573249981,0.829168869,0.013050634,0.037502578
SLC44A3,6.399987595,-2.149740043,0.904384112,0.002590171,0.00943123
UFC1,86.12689956,-1.331222109,0.258819,1.05E-07,9.16E-07
TUFT1,122.9868079,-1.486962552,0.201269947,5.07E-14,8.14E-13
CGN,8.640646775,-1.904031781,0.742996777,0.001989105,0.00746726
CTSK,45.07756534,-1.027247036,0.371951574,0.002939649,0.010531453
RAB13,70.33986454,-1.394619098,0.250041544,8.91E-09,9.04E-08
FLG,75.27229642,-1.861645474,0.254099229,5.85E-14,9.37E-13
RHOB,162.9299066,-1.290393131,0.180161644,3.30E-13,4.98E-12
DQX1,7.147684244,-1.810863888,0.831532494,0.00540046,0.017820744
FAHD2B,2.074383841,-2.391153053,2.175325076,0.014403486,0.040697811
ABCA12,138.0071571,-1.40790804,0.192889074,1.07E-13,1.68E-12
PHLDB2,20.08190861,-1.286264995,0.441916796,0.001363645,0.005381269
CCNA2,10.4317011,-2.514501424,0.72873937,7.76E-05,0.000415962
PLK2,194.5440942,-1.969957039,0.173727174,1.86E-30,6.65E-29
BTF3,418.0382024,-1.086859698,0.115434614,2.46E-21,6.06E-20
CDCA5,6.344807107,-2.598041784,0.989757931,0.001163653,0.00467086
NCAPG2,3.809558087,-1.982152002,1.175671611,0.012274473,0.035621449
NDUFB11,45.34500121,-1.77577287,0.34852356,8.54E-08,7.55E-07
POLR2K,74.18899078,-1.016799002,0.275692579,0.000121167,0.000619781
EIF3H,77.49254306,-1.840220589,0.242341119,7.64E-15,1.31E-13
GPR107,40.37315,-1.086831661,0.307505743,0.000201718,0.000981214
ADD3,16.08170726,-1.05761241,0.500714745,0.01621527,0.044970001
SYT8,5.317535655,-3.420697266,1.174428491,0.000451934,0.002025558
SSRP1,54.92484222,-1.192686714,0.276713519,7.30E-06,4.78E-05
SESN3,12.21854483,-1.155057082,0.547705023,0.014226646,0.040264092
VPS51,27.58232357,-1.037365547,0.376190039,0.002924269,0.010484519
BTBD11,4.7075448,-2.395643083,1.066840278,0.003144549,0.011172704
NBAS,15.68966242,-1.196777922,0.490634777,0.005933556,0.01929839
HSPB8,194.9983542,-1.089837736,0.165019211,2.07E-11,2.64E-10
PFKM,22.11861069,-1.413282314,0.424357319,0.0002905,0.001359619
SKA1,2.68977457,-2.186731221,1.58855838,0.018506809,0.049969469
TMEM237,7.780673606,-1.534225469,0.725277961,0.00860977,0.026456206
RAET1L,143.6825748,-1.123282974,0.215450644,9.09E-08,8.01E-07
PSD3,5.716324856,-1.638214439,0.855856281,0.01169594,0.034203005
BUB1B,3.920253681,-2.431458242,1.235161018,0.005424073,0.017890106
SSBP3,12.08309683,-1.395013855,0.566751081,0.004358058,0.014857014
CCNB2,10.98943048,-1.603112433,0.646234191,0.003248728,0.011507303
SLC35B2,82.39196391,-1.498663292,0.275396628,1.73E-08,1.69E-07
SPPL3,42.60827674,-1.407346071,0.318070848,3.42E-06,2.36E-05
XDH,19.12944806,-1.289665508,0.504379545,0.00388895,0.013442894
TENT5B,271.0913191,-1.687621541,0.147250628,6.08E-31,2.22E-29
ADIPOR1,233.2536466,-1.058440721,0.133455283,1.16E-15,2.08E-14
LCE2B,17.76288878,-1.284258893,0.634136906,0.014398287,0.040691452
LYPD5,34.29019662,-1.936832006,0.430225796,1.44E-06,1.06E-05
CALM3,92.78732681,-1.072241542,0.208883235,1.48E-07,1.26E-06
ZNF385A,153.3088371,-2.022756251,0.196021148,1.21E-25,3.58E-24
JMJD8,18.31779415,-1.595740804,0.521232408,0.000583036,0.002536535
GBP2,8.247004844,-1.961905339,1.091959002,0.013822802,0.039306546
C1orf74,23.97737549,-1.054294879,0.39250872,0.003568172,0.012491318
SPATA18,6.230823707,-2.607111824,0.948102771,0.000769191,0.003236231
SPRR3,69.82637973,-2.395550882,0.355659295,2.54E-12,3.50E-11
SPRR2D,328.0306033,-2.390796129,0.167593109,5.99E-47,3.36E-45
GPR155,2.538305228,-2.69242839,1.695670131,0.009475209,0.02861223
KIAA1143,8.832041205,-1.443179706,0.67758988,0.009236732,0.028027024
NSA2,33.87279165,-1.367465959,0.347953127,3.08E-05,0.000179878
ADGRF2,2.271740875,-4.420363453,2.871188891,0.002480925,0.009078961
CITED2,55.49914248,-1.957983703,0.314007291,9.73E-11,1.18E-09
MIOS,17.74557174,-1.025466198,0.457641392,0.012323885,0.035715705
DNAAF5,8.615102856,-1.290488311,0.653465314,0.016022274,0.044506318
AQP3,525.5191767,-1.796641483,0.103926878,1.44E-67,1.23E-65
SKA3,2.896791601,-4.726603201,2.892750547,0.001764376,0.006757812
SERPINA12,18.04799564,-2.687359887,0.611473941,1.65E-06,1.19E-05
CKB,30.95537104,-1.620763286,0.415968385,2.78E-05,0.000163145
NOLC1,104.9287004,-1.3825692,0.205359311,6.29E-12,8.42E-11
USP54,6.24006469,-2.771572613,0.97380971,0.00058351,0.002537802
WEE1,17.51129339,-1.286557803,0.492894774,0.003349241,0.011811789
MCM7,59.42407523,-1.091952331,0.330006936,0.000466957,0.002080857
SEC11C,22.13701695,-1.34004718,0.443680535,0.00090109,0.003718612
CDH16,5.745051188,-1.578872307,0.8675093,0.014778981,0.041596969
HSP90B1,888.8167193,-1.080957784,0.079642884,3.55E-42,1.79E-40
B2M,371.3396496,-2.436091153,0.147020688,2.14E-62,1.64E-60
SCNN1G,3.842016477,-2.232669958,1.469504986,0.016354546,0.045219944
NAV2,4.659614363,-2.821198596,1.163693678,0.001680098,0.00647274
CDT1,2.255131551,-2.35889532,1.956350322,0.01477203,0.041585887
EEF2,1379.836144,-1.450918315,0.077449643,9.07E-79,8.88E-77
NXN,37.35695848,-1.063158904,0.329727468,0.000632363,0.00272877
KLK13,13.22253683,-2.6597064,0.731565575,3.37E-05,0.000194426
KRT80,170.3358708,-2.12731786,0.198205617,1.39E-27,4.53E-26
CDK2AP2,25.2481956,-1.306678576,0.428882591,0.000856741,0.003555797
KRT24,4.077467336,-4.182758059,1.666583966,0.000708127,0.003010522
BSCL2,27.50878827,-1.279266651,0.40891747,0.000677524,0.002898274
SAC3D1,9.845828701,-1.954837022,0.694331958,0.00088609,0.003664382
PBK,5.124300363,-1.950818524,1.239851987,0.013490118,0.038559162
VASN,7.987909606,-1.609665567,0.822829723,0.011503621,0.033712034
FILIP1L,22.23490995,-2.589443978,0.492426936,2.23E-08,2.13E-07
SCNN1B,5.925359608,-3.408094776,1.1384194,0.000377611,0.001720381
PHYHIP,4.364785566,-1.773612269,1.035485261,0.013927629,0.039539452
MN1,7.3407139,-1.6765374,0.867544778,0.011626866,0.03402064
CKAP2L,3.926827992,-4.392047476,1.642865837,0.000432505,0.001944794
BUB1,3.8207251,-2.28040653,1.178382328,0.006687314,0.021377099
MT1E,240.1370159,-2.340707108,0.163844145,4.71E-47,2.66E-45
PCDH7,4.477326489,-1.80538351,1.042518104,0.013341974,0.038191091
ROBO1,8.974834601,-1.505322395,0.683339589,0.007329622,0.023103879
SLC30A1,73.83028986,-1.854810717,0.265911597,7.41E-13,1.08E-11
KRT4,2.39642936,-4.458252913,3.099085938,0.003285926,0.011618187
NUDT9,30.15621598,-1.396138395,0.380162855,8.35E-05,0.000444571
SHCBP1,3.064903277,-2.814046264,1.530486046,0.006837081,0.021775148
KRT15,11.31195749,-2.668777092,0.700402764,1.96E-05,0.000118508
KRT9,5.021742019,-2.829013809,1.157195603,0.001603038,0.006208792
RRM2,3.924483097,-2.568059954,1.175728928,0.003325539,0.011740201
ID4,13.97839751,-2.318190195,0.72756306,0.000246115,0.001171572
OVOL1,113.1865252,-1.769348052,0.205469652,1.90E-18,3.99E-17
CES4A,4.700533582,-1.988867003,1.133782113,0.012109608,0.035203832
HPSE,11.99819952,-1.202283221,0.592914466,0.015961659,0.04437367
COQ2,14.63442721,-1.288355611,0.564498805,0.00781279,0.024387356
COMMD1,21.96397484,-1.05381083,0.428065867,0.006706434,0.021423332
NWD2,12.48442669,-2.295628531,0.647514825,6.15E-05,0.000337701
ZHX3,11.35881702,-1.441465967,0.591607609,0.004441939,0.015113878
GLIS1,4.297459224,-2.065154303,1.356097278,0.015923038,0.044319871
EXO1,2.017800311,-4.482640167,2.951548814,0.002627073,0.009547962
MRPL11,21.89650911,-1.381028276,0.453678395,0.000788979,0.003306379
NDUFA11,37.93547994,-1.064419922,0.346032716,0.001026046,0.004174138
RAB1B,277.3029715,-1.374840759,0.133584708,2.94E-25,8.50E-24
UBE2C,39.46244103,-1.563087107,0.37387656,8.88E-06,5.71E-05
CLTB,508.4776017,-1.865844,0.104921237,2.33E-71,2.06E-69
TOM1L2,43.78637289,-1.524092373,0.32161817,6.80E-07,5.23E-06
SLC35A4,56.63845708,-1.266412476,0.277525037,2.10E-06,1.50E-05
ZBTB8OS,19.30727379,-1.224379697,0.474117816,0.003862057,0.01336754
TYMS,7.722594447,-3.302288382,0.945973558,6.15E-05,0.000337701
FAM89B,7.363710658,-2.065784604,0.809344402,0.001685366,0.006491222
PPFIA3,11.93316404,-1.269088423,0.64005832,0.016290185,0.045078113
ZFAS1,52.67853783,-1.664785082,0.286379982,1.73E-09,1.88E-08
STX19,9.409141506,-2.455710611,0.873591749,0.000636725,0.002745018
GEMIN4,22.06425985,-1.045195773,0.429534031,0.007345994,0.023144911
NKPD1,5.951563561,-1.790433399,0.881612195,0.008042818,0.024981069
BACE2,8.450507228,-1.907734361,0.720919468,0.0015116,0.005899345
NLRP10,69.64331115,-1.513244708,0.291181749,6.52E-08,5.85E-07
XKRX,11.12390272,-1.882324279,0.641247336,0.000674472,0.00288781
EPHB3,43.76392397,-1.444204795,0.315274798,1.58E-06,1.15E-05
NAA38,28.6832651,-1.422779801,0.451239901,0.000528701,0.002327296
OVCH2,4.05555341,-3.245369189,1.435561942,0.002760877,0.009974132
TBL3,16.97106682,-1.136749303,0.464760957,0.006291677,0.02025785
CRELD2,30.73471177,-1.616104688,0.413266564,2.62E-05,0.000155014
ZBTB7C,2.445297535,-2.507242384,1.840124612,0.01287665,0.037051245
UBALD2,71.89389693,-1.492609144,0.255347893,1.65E-09,1.80E-08
PSMD13,85.40424461,-1.110225223,0.219997822,2.24E-07,1.87E-06
PMEL,2.637529709,-3.405802021,1.932123218,0.004048031,0.01391353
IFIT1,5.712697968,-3.244996513,1.307857032,0.001973605,0.007421185
LAMP1,246.371261,-1.142189529,0.137430834,4.52E-17,8.78E-16
SAPCD2,3.640686935,-4.003650157,1.699698318,0.001085287,0.004389497
THBS2,33.01026844,-3.066126488,0.427546469,1.10E-13,1.72E-12
FAM183A,2.187251433,-1.21436826,2.337061857,0.016691522,0.045949133
NAP1L1,33.76003071,-1.12538441,0.334470104,0.00035988,0.001646665
MT1X,188.6643398,-1.60863761,0.205666353,1.54E-15,2.74E-14
CHP1,93.3748776,-1.070573012,0.2084178,1.46E-07,1.25E-06
ISG15,22.87638349,-2.361451804,0.494093201,2.82E-07,2.31E-06
TPRG1,2.103051571,-4.368723737,2.908429806,0.002801804,0.010103185
CLDN4,76.55839344,-1.801860443,0.258577333,8.19E-13,1.18E-11
MAOA,31.06725843,-2.010954891,0.395481329,7.74E-08,6.89E-07
ALG1L,2.278624701,-2.131943031,2.84779797,0.015950725,0.044361147
RASSF10,2.632122583,-2.935135078,1.881277107,0.00711973,0.02255562
SEMA4A,20.24686089,-2.671254889,0.551882801,2.05E-07,1.72E-06
IPO4,18.24661871,-1.134928104,0.468411134,0.006708405,0.021424668
NACA,141.2502192,-1.176857262,0.16950746,1.80E-12,2.52E-11
PELI1,82.93312138,-1.065135426,0.226072106,1.29E-06,9.50E-06
MRPL21,27.95412584,-1.395459458,0.403494913,0.0001851,0.000909681
HHLA3,14.10737498,-1.837478522,0.848675815,0.005098766,0.016967197
SERPINB2,241.7893039,-1.643285132,0.149463365,1.26E-28,4.23E-27
DPP4,4.114621139,-2.491068494,1.240914058,0.00481116,0.016181821
PDCD1LG2,2.935517098,-5.420435633,2.940482539,0.00074611,0.003153542
CFD,2.042555235,-4.624954144,3.303263138,0.003428105,0.012049884
AADACL2,4.47837315,-4.62814961,1.628016987,0.000249539,0.001186235
TMPRSS11F,27.56868063,-1.716266339,0.477135076,8.13E-05,0.00043391
GET3,130.0852861,-1.499379814,0.19851435,1.44E-14,2.41E-13
MT1F,10.23746685,-1.803003006,0.761212275,0.003485611,0.012227106
CTNND1,176.2546558,-1.41642079,0.15177605,3.76E-21,9.09E-20
COPS8,30.46236383,-1.104877039,0.355600693,0.000896956,0.003707096
PRC1,21.83048947,-1.59537456,0.498702979,0.000378388,0.001722783
RPL39,34.9655333,-1.273886373,0.383257438,0.00034527,0.001586653
MFAP3L,7.431873584,-2.010162163,0.79141213,0.001846085,0.007020107
LOR,12.91664937,-2.895638103,0.874727644,0.000128335,0.000652311
LIPN,8.216019306,-2.389643382,0.901403293,0.001024731,0.004170241
MAFB,54.93265604,-1.064133743,0.300525778,0.000204046,0.000991841
SMIM5,2.962103125,-2.587725032,1.55769203,0.010015818,0.029965834
SDHD,43.07974248,-1.073238405,0.324530616,0.000469431,0.002090651
LY6G6C,219.3508286,-2.834374544,0.183505779,1.23E-54,8.01E-53
PSORS1C2,6.951779673,-2.347276193,1.058614288,0.00350602,0.012292447
CDSN,311.4300755,-1.461986019,0.16106314,3.94E-20,8.89E-19
HLA-E,332.2269556,-1.132489067,0.122205398,9.64E-21,2.27E-19
MT1H,188.2272358,-1.769156201,0.212905085,2.59E-17,5.12E-16
MT1M,7.89302028,-2.056889318,1.316750479,0.011961071,0.034827187
HLA-A,915.9569941,-1.295197926,0.104495173,1.12E-35,4.83E-34
ERV3-1,16.78974115,-1.327792886,0.498115393,0.002724275,0.009864863
NDUFS3,32.00972413,-1.156225535,0.378439248,0.001000792,0.004077631
ATF6B,54.33511055,-1.246812951,0.278457745,3.20E-06,2.22E-05
LTB4R2,8.50598582,-1.63746286,0.729348402,0.005720163,0.01868361
FIS1,115.7152347,-1.331866359,0.202817579,2.02E-11,2.57E-10
RPTN,7.820560908,-3.354237264,0.925068442,3.84E-05,0.000219027
VPS52,37.96959067,-1.240656472,0.342765632,0.000122618,0.000625557
TINCR,33.07520613,-1.710982642,0.371467981,1.07E-06,8.01E-06
SCAMP4,15.59460711,-1.207976491,0.516201483,0.007594162,0.023807233
RPL41,200.8222521,-1.123259734,0.156027401,2.99E-13,4.54E-12
LNCAROD,3.159697644,-2.982149705,1.532002526,0.005216037,0.017290732
AL159166.1,3.022742332,-2.79467572,1.882193102,0.00851104,0.026186293
LINC01819,4.165618681,-3.490356196,1.506144872,0.002071981,0.007736293
UQCRHL,7.773173094,-1.640958398,0.750205974,0.006338032,0.020392166
ZSCAN31,6.233287431,-1.568817147,0.853338011,0.014250425,0.040323123
WAKMAR2,10.36704719,-3.094647964,0.814636124,1.95E-05,0.00011773
EIF4EBP3,51.72934835,-1.113263999,0.315675212,0.000203083,0.000987507
PSG4,11.95609673,-2.776552753,0.697751745,9.49E-06,6.07E-05
PRAF2,22.0473933,-1.067179941,0.513047768,0.017050288,0.046731674
ASPRV1,181.6760315,-1.340804971,0.216253144,2.43E-10,2.84E-09
H2AFJ,58.8232432,-2.295188334,0.316772891,7.52E-14,1.19E-12
AC093866.1,4.530464512,-2.379309412,1.080681413,0.003474596,0.012197768
LINC02159,3.708668518,-3.038967025,1.614922693,0.005342245,0.017662429
SLC22A18AS,4.755659446,-2.412474979,1.250947424,0.00688858,0.021923986
SNHG9,67.52967114,-1.094148859,0.311920368,0.000221914,0.001066298
CARD17,2.368887429,-2.427106797,2.751484522,0.01311726,0.037641546
HCAR3,3.642985741,-2.28348073,1.348734816,0.009165671,0.027878833
AL732437.1,6.093661748,-2.340202367,1.554710951,0.009310703,0.028220448
C17orf49,34.7797645,-1.459654068,0.395388803,7.28E-05,0.000392279
LINC00520,56.42217188,-1.356664347,0.303435138,2.93E-06,2.04E-05
GJA5,2.317915393,-4.546904872,3.620610389,0.004450222,0.015137556
RASSF5,4.715984867,-1.662901138,0.991006503,0.01757477,0.047946141
LIVAR,4.430680603,-4.043868659,4.629401783,0.007062916,0.022411644
SNHG25,27.45157434,-2.060947938,0.654266821,0.000267751,0.00126237
AC115522.1,11.39966829,-2.832007301,1.235938614,0.001813736,0.006914243
MMP28,1.769733213,-3.341369093,4.983334629,0.009531376,0.028737818
AC103718.1,2.636910689,-3.415449537,1.844634089,0.003606171,0.012593432
